{
  "tool_name": "BM25",
  "tool_version": "bm25-specter2",
  "git_hash": "",
  "benchmark_version": "1.0",
  "extraction_manifest_id": "em-v1.0",
  "split": "test",
  "run_date": "2026-03-17T05:51:21.488199Z",
  "recall_overall": 0.630213558836176,
  "precision_overall": 0.7470268433571186,
  "f1_micro": 0.6836663297830987,
  "recall_major": 0.7894569340198506,
  "f1_macro": 0.0,
  "soft_recall_overall": 0.7386025216206702,
  "soft_precision_overall": 0.6813380638717876,
  "soft_f1": 0.7088155901640303,
  "ci_recall": {
    "lo": 0.60646492434663,
    "hi": 0.6550185311247259,
    "n_bootstrap": 1000
  },
  "ci_precision": {
    "lo": 0.7265545361875637,
    "hi": 0.7651206252123683,
    "n_bootstrap": 1000
  },
  "bootstrap_n": 1000,
  "per_category": {
    "prior_art_novelty": {
      "recall": 0.7587362287171083,
      "precision": 0.7884497115376656,
      "f1_micro": 0.7733076485515,
      "f1_macro": 0.0,
      "aucpr": 0.0,
      "brier_score": null,
      "n_human_concerns": 1113,
      "n_matched": 738,
      "ci_recall": null,
      "ci_precision": null
    },
    "missing_experiment": {
      "recall": 0.7905874005495694,
      "precision": 0.7395780449059137,
      "f1_micro": 0.7642325027822747,
      "f1_macro": 0.0,
      "aucpr": 0.0,
      "brier_score": null,
      "n_human_concerns": 2146,
      "n_matched": 1519,
      "ci_recall": null,
      "ci_precision": null
    },
    "writing_clarity": {
      "recall": 0.7676847983897527,
      "precision": 0.8504578366713056,
      "f1_micro": 0.8069542681067308,
      "f1_macro": 0.0,
      "aucpr": 0.0,
      "brier_score": null,
      "n_human_concerns": 5173,
      "n_matched": 3079,
      "ci_recall": null,
      "ci_precision": null
    },
    "design_flaw": {
      "recall": 0.7333932607993641,
      "precision": 0.7661265008682848,
      "f1_micro": 0.7494026114490523,
      "f1_macro": 0.0,
      "aucpr": 0.0,
      "brier_score": null,
      "n_human_concerns": 1431,
      "n_matched": 880,
      "ci_recall": null,
      "ci_precision": null
    },
    "reagent_method_specificity": {
      "recall": 0.6945638047646504,
      "precision": 0.7827041175878385,
      "f1_micro": 0.7360045414795797,
      "f1_macro": 0.0,
      "aucpr": 0.0,
      "brier_score": null,
      "n_human_concerns": 1044,
      "n_matched": 606,
      "ci_recall": null,
      "ci_precision": null
    },
    "interpretation": {
      "recall": 0.7962983030377125,
      "precision": 0.8188118114947383,
      "f1_micro": 0.8073981459638678,
      "f1_macro": 0.0,
      "aucpr": 0.0,
      "brier_score": null,
      "n_human_concerns": 2241,
      "n_matched": 1496,
      "ci_recall": null,
      "ci_precision": null
    },
    "statistical_methodology": {
      "recall": 0.6775924998445105,
      "precision": 0.7398272266904975,
      "f1_micro": 0.7073435914592716,
      "f1_macro": 0.0,
      "aucpr": 0.0,
      "brier_score": null,
      "n_human_concerns": 767,
      "n_matched": 445,
      "ci_recall": null,
      "ci_precision": null
    },
    "other": {
      "recall": 0.828125,
      "precision": 0.7408854166666666,
      "f1_micro": 0.7820798755186722,
      "f1_macro": 0.0,
      "aucpr": 0.0,
      "brier_score": null,
      "n_human_concerns": 39,
      "n_matched": 31,
      "ci_recall": null,
      "ci_precision": null
    }
  },
  "per_stance": {},
  "matching_stats": {
    "n_tool_concerns": 11772,
    "n_human_concerns": 13954,
    "n_matched_pairs": 8794,
    "threshold": 0.65,
    "algorithm": "hungarian"
  },
  "n_articles": 982,
  "n_human_concerns": 13954,
  "n_tool_concerns": 11772,
  "excluded_figure_concerns": 736,
  "dedup_gt": false,
  "notes": ""
}