{
  "tool_name": "BM25",
  "tool_version": "lexical-v1",
  "git_hash": "",
  "benchmark_version": "1.0",
  "extraction_manifest_id": "em-v1.0",
  "split": "test",
  "run_date": "2026-03-15T04:26:09.625282Z",
  "recall_overall": 0.6305298630529863,
  "precision_overall": 0.7470268433571186,
  "f1_micro": 0.683852404836891,
  "recall_major": 0.7902616811493306,
  "f1_macro": 0.0,
  "soft_recall_overall": 0.7393554294142505,
  "soft_precision_overall": 0.6820325982325586,
  "soft_f1": 0.7095381341794326,
  "ci_recall": {
    "lo": 0.6043293601863269,
    "hi": 0.6592114364768273,
    "n_bootstrap": 1000
  },
  "ci_precision": {
    "lo": 0.7279986408426775,
    "hi": 0.7665647298674821,
    "n_bootstrap": 1000
  },
  "bootstrap_n": 1000,
  "per_category": {
    "statistical_methodology": {
      "recall": 0.6794139850591464,
      "precision": 0.7418160095579451,
      "f1_micro": 0.7092450527266352,
      "f1_macro": 0.0,
      "aucpr": 0.0,
      "brier_score": null,
      "n_human_concerns": 764,
      "n_matched": 445,
      "ci_recall": null,
      "ci_precision": null
    },
    "prior_art_novelty": {
      "recall": 0.7587362287171083,
      "precision": 0.7884497115376656,
      "f1_micro": 0.7733076485515,
      "f1_macro": 0.0,
      "aucpr": 0.0,
      "brier_score": null,
      "n_human_concerns": 1113,
      "n_matched": 738,
      "ci_recall": null,
      "ci_precision": null
    },
    "writing_clarity": {
      "recall": 0.7686614966065336,
      "precision": 0.851539844097096,
      "f1_micro": 0.8079809274809123,
      "f1_macro": 0.0,
      "aucpr": 0.0,
      "brier_score": null,
      "n_human_concerns": 5172,
      "n_matched": 3079,
      "ci_recall": null,
      "ci_precision": null
    },
    "reagent_method_specificity": {
      "recall": 0.6960353382493213,
      "precision": 0.7843623890234059,
      "f1_micro": 0.7375638731352566,
      "f1_macro": 0.0,
      "aucpr": 0.0,
      "brier_score": null,
      "n_human_concerns": 1042,
      "n_matched": 606,
      "ci_recall": null,
      "ci_precision": null
    },
    "interpretation": {
      "recall": 0.7973218227074269,
      "precision": 0.8198642688359912,
      "f1_micro": 0.8084359327838728,
      "f1_macro": 0.0,
      "aucpr": 0.0,
      "brier_score": null,
      "n_human_concerns": 2240,
      "n_matched": 1496,
      "ci_recall": null,
      "ci_precision": null
    },
    "design_flaw": {
      "recall": 0.7333932607993641,
      "precision": 0.7661265008682848,
      "f1_micro": 0.7494026114490523,
      "f1_macro": 0.0,
      "aucpr": 0.0,
      "brier_score": null,
      "n_human_concerns": 1431,
      "n_matched": 880,
      "ci_recall": null,
      "ci_precision": null
    },
    "missing_experiment": {
      "recall": 0.7905874005495694,
      "precision": 0.7395780449059137,
      "f1_micro": 0.7642325027822747,
      "f1_macro": 0.0,
      "aucpr": 0.0,
      "brier_score": null,
      "n_human_concerns": 2146,
      "n_matched": 1519,
      "ci_recall": null,
      "ci_precision": null
    },
    "other": {
      "recall": 0.828125,
      "precision": 0.7408854166666666,
      "f1_micro": 0.7820798755186722,
      "f1_macro": 0.0,
      "aucpr": 0.0,
      "brier_score": null,
      "n_human_concerns": 39,
      "n_matched": 31,
      "ci_recall": null,
      "ci_precision": null
    }
  },
  "per_stance": {},
  "matching_stats": {
    "n_tool_concerns": 11772,
    "n_human_concerns": 13947,
    "n_matched_pairs": 8794,
    "threshold": 0.65,
    "algorithm": "hungarian"
  },
  "n_articles": 981,
  "n_human_concerns": 13947,
  "n_tool_concerns": 11772,
  "excluded_figure_concerns": 736,
  "dedup_gt": false,
  "notes": ""
}