{
  "tool_name": "Gemini-2.5-Flash",
  "tool_version": "gemini-2.5-flash",
  "git_hash": "",
  "benchmark_version": "1.0",
  "extraction_manifest_id": "em-v1.0",
  "split": "test",
  "run_date": "2026-03-18T10:15:23.280131Z",
  "recall_overall": 0.6650993477931139,
  "precision_overall": 0.7093173730184407,
  "f1_micro": 0.6864970645792563,
  "recall_major": 0.8321238899903716,
  "f1_macro": 0.0,
  "soft_recall_overall": 0.763159781302473,
  "soft_precision_overall": 0.6518029854746108,
  "soft_f1": 0.7030995239261573,
  "ci_recall": {
    "lo": 0.6387310955367024,
    "hi": 0.6927652733118971,
    "n_bootstrap": 1000
  },
  "ci_precision": {
    "lo": 0.6881520420541852,
    "hi": 0.7289347525798326,
    "n_bootstrap": 1000
  },
  "bootstrap_n": 1000,
  "per_category": {
    "missing_experiment": {
      "recall": 0.8494061348200638,
      "precision": 0.7192074679591105,
      "f1_micro": 0.7789034015904476,
      "f1_macro": 0.0,
      "aucpr": 0.0,
      "brier_score": null,
      "n_human_concerns": 2070,
      "n_matched": 1602,
      "ci_recall": null,
      "ci_precision": null
    },
    "writing_clarity": {
      "recall": 0.7550276354014788,
      "precision": 0.8585523733053774,
      "f1_micro": 0.8034690127384353,
      "f1_macro": 0.0,
      "aucpr": 0.0,
      "brier_score": null,
      "n_human_concerns": 4806,
      "n_matched": 2762,
      "ci_recall": null,
      "ci_precision": null
    },
    "interpretation": {
      "recall": 0.8383749761586878,
      "precision": 0.7863150978972073,
      "f1_micro": 0.8115109607422981,
      "f1_macro": 0.0,
      "aucpr": 0.0,
      "brier_score": null,
      "n_human_concerns": 2157,
      "n_matched": 1582,
      "ci_recall": null,
      "ci_precision": null
    },
    "prior_art_novelty": {
      "recall": 0.7443753614806247,
      "precision": 0.7699813793943349,
      "f1_micro": 0.7569618863899303,
      "f1_macro": 0.0,
      "aucpr": 0.0,
      "brier_score": null,
      "n_human_concerns": 1049,
      "n_matched": 689,
      "ci_recall": null,
      "ci_precision": null
    },
    "reagent_method_specificity": {
      "recall": 0.6895532171201814,
      "precision": 0.7607603458049886,
      "f1_micro": 0.7234087266607986,
      "f1_macro": 0.0,
      "aucpr": 0.0,
      "brier_score": null,
      "n_human_concerns": 974,
      "n_matched": 570,
      "ci_recall": null,
      "ci_precision": null
    },
    "design_flaw": {
      "recall": 0.8635121970228354,
      "precision": 0.8095592895920228,
      "f1_micro": 0.835665811495332,
      "f1_macro": 0.0,
      "aucpr": 0.0,
      "brier_score": null,
      "n_human_concerns": 1362,
      "n_matched": 1036,
      "ci_recall": null,
      "ci_precision": null
    },
    "statistical_methodology": {
      "recall": 0.7781922437021588,
      "precision": 0.8106682977079578,
      "f1_micro": 0.794098368043906,
      "f1_macro": 0.0,
      "aucpr": 0.0,
      "brier_score": null,
      "n_human_concerns": 730,
      "n_matched": 500,
      "ci_recall": null,
      "ci_precision": null
    },
    "other": {
      "recall": 0.7741935483870968,
      "precision": 0.7142857142857143,
      "f1_micro": 0.7430340557275543,
      "f1_macro": 0.0,
      "aucpr": 0.0,
      "brier_score": null,
      "n_human_concerns": 38,
      "n_matched": 29,
      "ci_recall": null,
      "ci_precision": null
    }
  },
  "per_stance": {},
  "matching_stats": {
    "n_tool_concerns": 12364,
    "n_human_concerns": 13186,
    "n_matched_pairs": 8770,
    "threshold": 0.65,
    "algorithm": "hungarian"
  },
  "n_articles": 944,
  "n_human_concerns": 13186,
  "n_tool_concerns": 12364,
  "excluded_figure_concerns": 684,
  "dedup_gt": false,
  "notes": ""
}