{
  "tool_name": "Gemini-2.5-Flash",
  "tool_version": "gemini-2.5-flash",
  "git_hash": "",
  "benchmark_version": "1.0",
  "extraction_manifest_id": "em-v1.0",
  "split": "test",
  "run_date": "2026-03-18T00:29:47.748177Z",
  "recall_overall": 0.5659853451600463,
  "precision_overall": 0.7838906099775665,
  "f1_micro": 0.6573501746842246,
  "recall_major": 0.6148045010150064,
  "f1_macro": 0.0,
  "soft_recall_overall": 0.5597515447983638,
  "soft_precision_overall": 0.5503210177326467,
  "soft_f1": 0.5549962231450999,
  "ci_recall": {
    "lo": 0.5415432464454977,
    "hi": 0.5917602996254682,
    "n_bootstrap": 1000
  },
  "ci_precision": {
    "lo": 0.7629883624272652,
    "hi": 0.8043387567793074,
    "n_bootstrap": 1000
  },
  "bootstrap_n": 1000,
  "per_category": {
    "writing_clarity": {
      "recall": 0.6292421883259408,
      "precision": 0.7528072166141871,
      "f1_micro": 0.6855009070973014,
      "f1_macro": 0.0,
      "aucpr": 0.0,
      "brier_score": null,
      "n_human_concerns": 4732,
      "n_matched": 2528,
      "ci_recall": null,
      "ci_precision": null
    },
    "missing_experiment": {
      "recall": 0.6179984468829091,
      "precision": 0.5864287328430755,
      "f1_micro": 0.6017998467736079,
      "f1_macro": 0.0,
      "aucpr": 0.0,
      "brier_score": null,
      "n_human_concerns": 2019,
      "n_matched": 1173,
      "ci_recall": null,
      "ci_precision": null
    },
    "prior_art_novelty": {
      "recall": 0.6203910881621725,
      "precision": 0.6810800422246205,
      "f1_micro": 0.6493205706310126,
      "f1_macro": 0.0,
      "aucpr": 0.0,
      "brier_score": null,
      "n_human_concerns": 1044,
      "n_matched": 615,
      "ci_recall": null,
      "ci_precision": null
    },
    "interpretation": {
      "recall": 0.6294559058864235,
      "precision": 0.6568302534583188,
      "f1_micro": 0.642851793437367,
      "f1_macro": 0.0,
      "aucpr": 0.0,
      "brier_score": null,
      "n_human_concerns": 2066,
      "n_matched": 1225,
      "ci_recall": null,
      "ci_precision": null
    },
    "design_flaw": {
      "recall": 0.679964298986038,
      "precision": 0.6788309516570387,
      "f1_micro": 0.6793971526689561,
      "f1_macro": 0.0,
      "aucpr": 0.0,
      "brier_score": null,
      "n_human_concerns": 1351,
      "n_matched": 835,
      "ci_recall": null,
      "ci_precision": null
    },
    "reagent_method_specificity": {
      "recall": 0.5872750733552515,
      "precision": 0.6760605578534309,
      "f1_micro": 0.6285479549501957,
      "f1_macro": 0.0,
      "aucpr": 0.0,
      "brier_score": null,
      "n_human_concerns": 965,
      "n_matched": 512,
      "ci_recall": null,
      "ci_precision": null
    },
    "statistical_methodology": {
      "recall": 0.6303506872834604,
      "precision": 0.6903340123928359,
      "f1_micro": 0.6589801778935277,
      "f1_macro": 0.0,
      "aucpr": 0.0,
      "brier_score": null,
      "n_human_concerns": 750,
      "n_matched": 424,
      "ci_recall": null,
      "ci_precision": null
    },
    "other": {
      "recall": 0.671875,
      "precision": 0.6190476190476191,
      "f1_micro": 0.6443804034582132,
      "f1_macro": 0.0,
      "aucpr": 0.0,
      "brier_score": null,
      "n_human_concerns": 38,
      "n_matched": 26,
      "ci_recall": null,
      "ci_precision": null
    }
  },
  "per_stance": {},
  "matching_stats": {
    "n_tool_concerns": 9361,
    "n_human_concerns": 12965,
    "n_matched_pairs": 7338,
    "threshold": 0.65,
    "algorithm": "hungarian"
  },
  "n_articles": 940,
  "n_human_concerns": 12965,
  "n_tool_concerns": 9361,
  "excluded_figure_concerns": 654,
  "dedup_gt": false,
  "notes": ""
}