{
  "tool_name": "Gemini-2.5-Flash-Lite",
  "tool_version": "gemini-2.5-flash-lite",
  "git_hash": "",
  "benchmark_version": "1.0",
  "extraction_manifest_id": "em-v1.0",
  "split": "test",
  "run_date": "2026-03-15T04:35:56.482247Z",
  "recall_overall": 0.6103104610310461,
  "precision_overall": 0.7152941176470589,
  "f1_micro": 0.6586451038805278,
  "recall_major": 0.7800699290516776,
  "f1_macro": 0.0,
  "soft_recall_overall": 0.7131486243510063,
  "soft_precision_overall": 0.6225601248741582,
  "soft_f1": 0.6647824937694617,
  "ci_recall": {
    "lo": 0.5830255778963206,
    "hi": 0.6387087264150944,
    "n_bootstrap": 1000
  },
  "ci_precision": {
    "lo": 0.6938249001331558,
    "hi": 0.7372300308536167,
    "n_bootstrap": 1000
  },
  "bootstrap_n": 1000,
  "per_category": {
    "statistical_methodology": {
      "recall": 0.7194124423963133,
      "precision": 0.761039833822092,
      "f1_micro": 0.7396408981305992,
      "f1_macro": 0.0,
      "aucpr": 0.0,
      "brier_score": null,
      "n_human_concerns": 764,
      "n_matched": 495,
      "ci_recall": null,
      "ci_precision": null
    },
    "prior_art_novelty": {
      "recall": 0.7004203465962549,
      "precision": 0.727897447782725,
      "f1_micro": 0.7138946033843638,
      "f1_macro": 0.0,
      "aucpr": 0.0,
      "brier_score": null,
      "n_human_concerns": 1113,
      "n_matched": 668,
      "ci_recall": null,
      "ci_precision": null
    },
    "writing_clarity": {
      "recall": 0.6975271556478444,
      "precision": 0.7934322498253795,
      "f1_micro": 0.7423951831127249,
      "f1_macro": 0.0,
      "aucpr": 0.0,
      "brier_score": null,
      "n_human_concerns": 5172,
      "n_matched": 2690,
      "ci_recall": null,
      "ci_precision": null
    },
    "reagent_method_specificity": {
      "recall": 0.6397794531269108,
      "precision": 0.7116971011568469,
      "f1_micro": 0.6738247596332828,
      "f1_macro": 0.0,
      "aucpr": 0.0,
      "brier_score": null,
      "n_human_concerns": 1042,
      "n_matched": 559,
      "ci_recall": null,
      "ci_precision": null
    },
    "interpretation": {
      "recall": 0.7840391922654133,
      "precision": 0.7527773426231009,
      "f1_micro": 0.7680903039070124,
      "f1_macro": 0.0,
      "aucpr": 0.0,
      "brier_score": null,
      "n_human_concerns": 2240,
      "n_matched": 1529,
      "ci_recall": null,
      "ci_precision": null
    },
    "design_flaw": {
      "recall": 0.7745295849169089,
      "precision": 0.7541697044044462,
      "f1_micro": 0.7642140637987719,
      "f1_macro": 0.0,
      "aucpr": 0.0,
      "brier_score": null,
      "n_human_concerns": 1431,
      "n_matched": 991,
      "ci_recall": null,
      "ci_precision": null
    },
    "missing_experiment": {
      "recall": 0.8000909032119625,
      "precision": 0.6976390850287445,
      "f1_micro": 0.7453608995467459,
      "f1_macro": 0.0,
      "aucpr": 0.0,
      "brier_score": null,
      "n_human_concerns": 2146,
      "n_matched": 1556,
      "ci_recall": null,
      "ci_precision": null
    },
    "other": {
      "recall": 0.59375,
      "precision": 0.5518973214285714,
      "f1_micro": 0.5720591816853384,
      "f1_macro": 0.0,
      "aucpr": 0.0,
      "brier_score": null,
      "n_human_concerns": 39,
      "n_matched": 24,
      "ci_recall": null,
      "ci_precision": null
    }
  },
  "per_stance": {},
  "matching_stats": {
    "n_tool_concerns": 11900,
    "n_human_concerns": 13947,
    "n_matched_pairs": 8512,
    "threshold": 0.65,
    "algorithm": "hungarian"
  },
  "n_articles": 981,
  "n_human_concerns": 13947,
  "n_tool_concerns": 11900,
  "excluded_figure_concerns": 736,
  "dedup_gt": false,
  "notes": ""
}