{
  "tool_name": "Gemini-2.5-Flash-Lite",
  "tool_version": "gemini-2.5-flash-lite",
  "git_hash": "",
  "benchmark_version": "1.0",
  "extraction_manifest_id": "em-v1.0",
  "split": "test",
  "run_date": "2026-03-18T00:46:33.337381Z",
  "recall_overall": 0.5210952564596992,
  "precision_overall": 0.7822160472386245,
  "f1_micro": 0.62549763910749,
  "recall_major": 0.5724032630681595,
  "f1_macro": 0.0,
  "soft_recall_overall": 0.5217195065631834,
  "soft_precision_overall": 0.5152996907335087,
  "soft_f1": 0.5184897272537786,
  "ci_recall": {
    "lo": 0.4966768316522011,
    "hi": 0.5459761321909424,
    "n_bootstrap": 1000
  },
  "ci_precision": {
    "lo": 0.7595697929917891,
    "hi": 0.8043221539914974,
    "n_bootstrap": 1000
  },
  "bootstrap_n": 1000,
  "per_category": {
    "writing_clarity": {
      "recall": 0.5823134271493082,
      "precision": 0.6895648066559595,
      "f1_micro": 0.6314171201814286,
      "f1_macro": 0.0,
      "aucpr": 0.0,
      "brier_score": null,
      "n_human_concerns": 4732,
      "n_matched": 2306,
      "ci_recall": null,
      "ci_precision": null
    },
    "missing_experiment": {
      "recall": 0.5814544242831096,
      "precision": 0.5666617726378683,
      "f1_micro": 0.5739628021205869,
      "f1_macro": 0.0,
      "aucpr": 0.0,
      "brier_score": null,
      "n_human_concerns": 2019,
      "n_matched": 1097,
      "ci_recall": null,
      "ci_precision": null
    },
    "prior_art_novelty": {
      "recall": 0.5877239115190923,
      "precision": 0.6438171600822203,
      "f1_micro": 0.6144930905708867,
      "f1_macro": 0.0,
      "aucpr": 0.0,
      "brier_score": null,
      "n_human_concerns": 1044,
      "n_matched": 568,
      "ci_recall": null,
      "ci_precision": null
    },
    "interpretation": {
      "recall": 0.5778183744804999,
      "precision": 0.615131247045416,
      "f1_micro": 0.5958912779657956,
      "f1_macro": 0.0,
      "aucpr": 0.0,
      "brier_score": null,
      "n_human_concerns": 2066,
      "n_matched": 1125,
      "ci_recall": null,
      "ci_precision": null
    },
    "design_flaw": {
      "recall": 0.6045399347029782,
      "precision": 0.6221482623656537,
      "f1_micro": 0.6132177203708116,
      "f1_macro": 0.0,
      "aucpr": 0.0,
      "brier_score": null,
      "n_human_concerns": 1351,
      "n_matched": 756,
      "ci_recall": null,
      "ci_precision": null
    },
    "reagent_method_specificity": {
      "recall": 0.548429490578711,
      "precision": 0.6283814119560223,
      "f1_micro": 0.5856895052652709,
      "f1_macro": 0.0,
      "aucpr": 0.0,
      "brier_score": null,
      "n_human_concerns": 965,
      "n_matched": 476,
      "ci_recall": null,
      "ci_precision": null
    },
    "statistical_methodology": {
      "recall": 0.5820394824596505,
      "precision": 0.6449303964009847,
      "f1_micro": 0.6118731365961481,
      "f1_macro": 0.0,
      "aucpr": 0.0,
      "brier_score": null,
      "n_human_concerns": 750,
      "n_matched": 405,
      "ci_recall": null,
      "ci_precision": null
    },
    "other": {
      "recall": 0.5625,
      "precision": 0.5440848214285714,
      "f1_micro": 0.5531391830559758,
      "f1_macro": 0.0,
      "aucpr": 0.0,
      "brier_score": null,
      "n_human_concerns": 38,
      "n_matched": 23,
      "ci_recall": null,
      "ci_precision": null
    }
  },
  "per_stance": {},
  "matching_stats": {
    "n_tool_concerns": 8637,
    "n_human_concerns": 12965,
    "n_matched_pairs": 6756,
    "threshold": 0.65,
    "algorithm": "hungarian"
  },
  "n_articles": 940,
  "n_human_concerns": 12965,
  "n_tool_concerns": 8637,
  "excluded_figure_concerns": 654,
  "dedup_gt": false,
  "notes": ""
}