{
  "tool_name": "Gemini-2.5-Flash",
  "tool_version": "gemini-2.5-flash",
  "git_hash": "",
  "benchmark_version": "1.0",
  "extraction_manifest_id": "em-v1.0",
  "split": "test",
  "run_date": "2026-03-15T04:09:09.244682Z",
  "recall_overall": 0.6583494658349466,
  "precision_overall": 0.7153318790900592,
  "f1_micro": 0.6856588134264272,
  "recall_major": 0.8308986698078094,
  "f1_macro": 0.0,
  "soft_recall_overall": 0.7582842699112817,
  "soft_precision_overall": 0.6572513722273379,
  "soft_f1": 0.7041622437491258,
  "ci_recall": {
    "lo": 0.6311190004779136,
    "hi": 0.687385600976205,
    "n_bootstrap": 1000
  },
  "ci_precision": {
    "lo": 0.6950249532127262,
    "hi": 0.7362406716417911,
    "n_bootstrap": 1000
  },
  "bootstrap_n": 1000,
  "per_category": {
    "statistical_methodology": {
      "recall": 0.7788580520435359,
      "precision": 0.817650293255132,
      "f1_micro": 0.797782882291645,
      "f1_macro": 0.0,
      "aucpr": 0.0,
      "brier_score": null,
      "n_human_concerns": 764,
      "n_matched": 522,
      "ci_recall": null,
      "ci_precision": null
    },
    "prior_art_novelty": {
      "recall": 0.7350632796139488,
      "precision": 0.7684750823852162,
      "f1_micro": 0.7513979405335455,
      "f1_macro": 0.0,
      "aucpr": 0.0,
      "brier_score": null,
      "n_human_concerns": 1113,
      "n_matched": 720,
      "ci_recall": null,
      "ci_precision": null
    },
    "writing_clarity": {
      "recall": 0.7481774214523914,
      "precision": 0.8605693324204774,
      "f1_micro": 0.8004473576233735,
      "f1_macro": 0.0,
      "aucpr": 0.0,
      "brier_score": null,
      "n_human_concerns": 5172,
      "n_matched": 2923,
      "ci_recall": null,
      "ci_precision": null
    },
    "reagent_method_specificity": {
      "recall": 0.6864233283195148,
      "precision": 0.762331853645413,
      "f1_micro": 0.7223889512561379,
      "f1_macro": 0.0,
      "aucpr": 0.0,
      "brier_score": null,
      "n_human_concerns": 1042,
      "n_matched": 605,
      "ci_recall": null,
      "ci_precision": null
    },
    "interpretation": {
      "recall": 0.8381695211386728,
      "precision": 0.792052281480302,
      "f1_micro": 0.8144585974971194,
      "f1_macro": 0.0,
      "aucpr": 0.0,
      "brier_score": null,
      "n_human_concerns": 2240,
      "n_matched": 1641,
      "ci_recall": null,
      "ci_precision": null
    },
    "design_flaw": {
      "recall": 0.8591251210969522,
      "precision": 0.8078884600011361,
      "f1_micro": 0.8327193958121284,
      "f1_macro": 0.0,
      "aucpr": 0.0,
      "brier_score": null,
      "n_human_concerns": 1431,
      "n_matched": 1087,
      "ci_recall": null,
      "ci_precision": null
    },
    "missing_experiment": {
      "recall": 0.845016479947123,
      "precision": 0.7205971624004411,
      "f1_micro": 0.77786301953586,
      "f1_macro": 0.0,
      "aucpr": 0.0,
      "brier_score": null,
      "n_human_concerns": 2146,
      "n_matched": 1655,
      "ci_recall": null,
      "ci_precision": null
    },
    "other": {
      "recall": 0.75,
      "precision": 0.6919642857142857,
      "f1_micro": 0.7198142414860682,
      "f1_macro": 0.0,
      "aucpr": 0.0,
      "brier_score": null,
      "n_human_concerns": 39,
      "n_matched": 29,
      "ci_recall": null,
      "ci_precision": null
    }
  },
  "per_stance": {},
  "matching_stats": {
    "n_tool_concerns": 12836,
    "n_human_concerns": 13947,
    "n_matched_pairs": 9182,
    "threshold": 0.65,
    "algorithm": "hungarian"
  },
  "n_articles": 981,
  "n_human_concerns": 13947,
  "n_tool_concerns": 12836,
  "excluded_figure_concerns": 736,
  "dedup_gt": false,
  "notes": ""
}