{
  "tool_name": "Gemini-2.5-Flash",
  "tool_version": "gemini-2.5-flash",
  "git_hash": "",
  "benchmark_version": "1.0",
  "extraction_manifest_id": "em-v1.0",
  "split": "test",
  "run_date": "2026-03-17T05:44:18.403293Z",
  "recall_overall": 0.658019205962448,
  "precision_overall": 0.7153318790900592,
  "f1_micro": 0.6854796565882793,
  "recall_major": 0.8300525408161518,
  "f1_macro": 0.0,
  "soft_recall_overall": 0.7575120862950566,
  "soft_precision_overall": 0.6565820734571386,
  "soft_f1": 0.7034451742246213,
  "ci_recall": {
    "lo": 0.6337367419091651,
    "hi": 0.6838088180807707,
    "n_bootstrap": 1000
  },
  "ci_precision": {
    "lo": 0.6950476488048742,
    "hi": 0.7347720697474392,
    "n_bootstrap": 1000
  },
  "bootstrap_n": 1000,
  "per_category": {
    "prior_art_novelty": {
      "recall": 0.7350632796139488,
      "precision": 0.7684750823852162,
      "f1_micro": 0.7513979405335455,
      "f1_macro": 0.0,
      "aucpr": 0.0,
      "brier_score": null,
      "n_human_concerns": 1113,
      "n_matched": 720,
      "ci_recall": null,
      "ci_precision": null
    },
    "missing_experiment": {
      "recall": 0.845016479947123,
      "precision": 0.7205971624004411,
      "f1_micro": 0.77786301953586,
      "f1_macro": 0.0,
      "aucpr": 0.0,
      "brier_score": null,
      "n_human_concerns": 2146,
      "n_matched": 1655,
      "ci_recall": null,
      "ci_precision": null
    },
    "writing_clarity": {
      "recall": 0.7472267512853616,
      "precision": 0.8594758516931325,
      "f1_micro": 0.7994302707648938,
      "f1_macro": 0.0,
      "aucpr": 0.0,
      "brier_score": null,
      "n_human_concerns": 5173,
      "n_matched": 2923,
      "ci_recall": null,
      "ci_precision": null
    },
    "design_flaw": {
      "recall": 0.8591251210969522,
      "precision": 0.8078884600011361,
      "f1_micro": 0.8327193958121284,
      "f1_macro": 0.0,
      "aucpr": 0.0,
      "brier_score": null,
      "n_human_concerns": 1431,
      "n_matched": 1087,
      "ci_recall": null,
      "ci_precision": null
    },
    "reagent_method_specificity": {
      "recall": 0.6849721162089027,
      "precision": 0.760720158394577,
      "f1_micro": 0.7208617018877317,
      "f1_macro": 0.0,
      "aucpr": 0.0,
      "brier_score": null,
      "n_human_concerns": 1044,
      "n_matched": 605,
      "ci_recall": null,
      "ci_precision": null
    },
    "interpretation": {
      "recall": 0.8370935653990853,
      "precision": 0.7910355263051027,
      "f1_micro": 0.8134130794002039,
      "f1_macro": 0.0,
      "aucpr": 0.0,
      "brier_score": null,
      "n_human_concerns": 2241,
      "n_matched": 1641,
      "ci_recall": null,
      "ci_precision": null
    },
    "statistical_methodology": {
      "recall": 0.776769960751194,
      "precision": 0.8154582013161102,
      "f1_micro": 0.7956440541889864,
      "f1_macro": 0.0,
      "aucpr": 0.0,
      "brier_score": null,
      "n_human_concerns": 767,
      "n_matched": 522,
      "ci_recall": null,
      "ci_precision": null
    },
    "other": {
      "recall": 0.75,
      "precision": 0.6919642857142857,
      "f1_micro": 0.7198142414860682,
      "f1_macro": 0.0,
      "aucpr": 0.0,
      "brier_score": null,
      "n_human_concerns": 39,
      "n_matched": 29,
      "ci_recall": null,
      "ci_precision": null
    }
  },
  "per_stance": {},
  "matching_stats": {
    "n_tool_concerns": 12836,
    "n_human_concerns": 13954,
    "n_matched_pairs": 9182,
    "threshold": 0.65,
    "algorithm": "hungarian"
  },
  "n_articles": 982,
  "n_human_concerns": 13954,
  "n_tool_concerns": 12836,
  "excluded_figure_concerns": 736,
  "dedup_gt": false,
  "notes": ""
}