{
  "tool_name": "Gemini-2.5-Flash",
  "tool_version": "gemini-2.5-flash",
  "git_hash": "",
  "benchmark_version": "1.0",
  "extraction_manifest_id": "em-v1.0",
  "split": "test",
  "run_date": "2026-03-09T18:38:47.287003",
  "recall_overall": 0.12167491216749121,
  "precision_overall": 0.843858776727996,
  "f1_micro": 0.21268329364582025,
  "recall_major": 0.13061403327773638,
  "f1_macro": 0.0,
  "soft_recall_overall": 0.11743856195580803,
  "soft_precision_overall": 0.12759841284030876,
  "soft_f1": 0.12230786087918062,
  "ci_recall": null,
  "ci_precision": null,
  "bootstrap_n": 0,
  "per_category": {
    "statistical_methodology": {
      "recall": 0.11777820447175286,
      "precision": 0.139336917562724,
      "f1_micro": 0.12765372831681004,
      "f1_macro": 0.0,
      "aucpr": 0.0,
      "brier_score": null,
      "n_human_concerns": 764,
      "n_matched": 91,
      "ci_recall": null,
      "ci_precision": null
    },
    "prior_art_novelty": {
      "recall": 0.1372666848766275,
      "precision": 0.16854077513733345,
      "f1_micro": 0.15130457228599137,
      "f1_macro": 0.0,
      "aucpr": 0.0,
      "brier_score": null,
      "n_human_concerns": 1113,
      "n_matched": 177,
      "ci_recall": null,
      "ci_precision": null
    },
    "writing_clarity": {
      "recall": 0.14407141733047288,
      "precision": 0.17834591546423606,
      "f1_micro": 0.15938689519768182,
      "f1_macro": 0.0,
      "aucpr": 0.0,
      "brier_score": null,
      "n_human_concerns": 5172,
      "n_matched": 608,
      "ci_recall": null,
      "ci_precision": null
    },
    "reagent_method_specificity": {
      "recall": 0.11812992210237973,
      "precision": 0.14112523540489644,
      "f1_micro": 0.1286077640680497,
      "f1_macro": 0.0,
      "aucpr": 0.0,
      "brier_score": null,
      "n_human_concerns": 1042,
      "n_matched": 128,
      "ci_recall": null,
      "ci_precision": null
    },
    "interpretation": {
      "recall": 0.1309799241033174,
      "precision": 0.1408311910882605,
      "f1_micro": 0.13572703755782026,
      "f1_macro": 0.0,
      "aucpr": 0.0,
      "brier_score": null,
      "n_human_concerns": 2240,
      "n_matched": 256,
      "ci_recall": null,
      "ci_precision": null
    },
    "design_flaw": {
      "recall": 0.12730084208957448,
      "precision": 0.13932092077631986,
      "f1_micro": 0.1330399315110756,
      "f1_macro": 0.0,
      "aucpr": 0.0,
      "brier_score": null,
      "n_human_concerns": 1431,
      "n_matched": 187,
      "ci_recall": null,
      "ci_precision": null
    },
    "missing_experiment": {
      "recall": 0.13052453011469406,
      "precision": 0.12965231489821655,
      "f1_micro": 0.13008696050205631,
      "f1_macro": 0.0,
      "aucpr": 0.0,
      "brier_score": null,
      "n_human_concerns": 2146,
      "n_matched": 240,
      "ci_recall": null,
      "ci_precision": null
    },
    "other": {
      "recall": 0.25,
      "precision": 0.25,
      "f1_micro": 0.25,
      "f1_macro": 0.0,
      "aucpr": 0.0,
      "brier_score": null,
      "n_human_concerns": 39,
      "n_matched": 10,
      "ci_recall": null,
      "ci_precision": null
    }
  },
  "per_stance": {
    "no_response": {
      "recall": 0.12880006126043342,
      "n_gt": 13059,
      "n_matched": 1682
    },
    "conceded": {
      "recall": 0.03636363636363636,
      "n_gt": 220,
      "n_matched": 8
    },
    "partial": {
      "recall": 0.011513157894736841,
      "n_gt": 608,
      "n_matched": 7
    },
    "rebutted": {
      "recall": 0.0,
      "n_gt": 56,
      "n_matched": 0
    },
    "unclear": {
      "recall": 0.0,
      "n_gt": 4,
      "n_matched": 0
    }
  },
  "matching_stats": {
    "n_tool_concerns": 2011,
    "n_human_concerns": 13947,
    "n_matched_pairs": 1697,
    "threshold": 0.65,
    "algorithm": "hungarian"
  },
  "n_articles": 981,
  "n_human_concerns": 13947,
  "n_tool_concerns": 2011,
  "excluded_figure_concerns": 736,
  "dedup_gt": false,
  "notes": ""
}
