{
  "tool_name": "Gemini-Flash-Lite",
  "tool_version": "gemini-2.5-flash-lite",
  "git_hash": "",
  "benchmark_version": "1.0",
  "extraction_manifest_id": "em-v1.0",
  "split": "test",
  "run_date": "2026-03-21T01:37:54.799667Z",
  "recall_overall": 0.6150462611861065,
  "precision_overall": 0.7082969432314411,
  "f1_micro": 0.6583861016398767,
  "recall_major": 0.7813875527353247,
  "f1_macro": 0.0,
  "soft_recall_overall": 0.718013270069898,
  "soft_precision_overall": 0.6166392473708259,
  "soft_f1": 0.6634763081362586,
  "ci_recall": {
    "lo": 0.5877958579881657,
    "hi": 0.6411746231155779,
    "n_bootstrap": 1000
  },
  "ci_precision": {
    "lo": 0.6848976109215017,
    "hi": 0.7301405975395431,
    "n_bootstrap": 1000
  },
  "bootstrap_n": 1000,
  "per_category": {
    "interpretation": {
      "recall": 0.683820120537784,
      "precision": 0.6744398719707362,
      "f1_micro": 0.679097605893186,
      "f1_macro": 0.0,
      "aucpr": 0.0,
      "brier_score": null,
      "n_human_concerns": 2157,
      "n_matched": 1475,
      "ci_recall": null,
      "ci_precision": null
    },
    "missing_experiment": {
      "recall": 0.7256038647342995,
      "precision": 0.58694802657288,
      "f1_micro": 0.6489522575070209,
      "f1_macro": 0.0,
      "aucpr": 0.0,
      "brier_score": null,
      "n_human_concerns": 2070,
      "n_matched": 1502,
      "ci_recall": null,
      "ci_precision": null
    },
    "writing_clarity": {
      "recall": 0.5249687890137328,
      "precision": 0.8001902949571836,
      "f1_micro": 0.6339992461364492,
      "f1_macro": 0.0,
      "aucpr": 0.0,
      "brier_score": null,
      "n_human_concerns": 4806,
      "n_matched": 2523,
      "ci_recall": null,
      "ci_precision": null
    },
    "prior_art_novelty": {
      "recall": 0.6091515729265967,
      "precision": 0.7163677130044843,
      "f1_micro": 0.6584234930448223,
      "f1_macro": 0.0,
      "aucpr": 0.0,
      "brier_score": null,
      "n_human_concerns": 1049,
      "n_matched": 639,
      "ci_recall": null,
      "ci_precision": null
    },
    "design_flaw": {
      "recall": 0.6930983847283406,
      "precision": 0.7013372956909361,
      "f1_micro": 0.6971935007385525,
      "f1_macro": 0.0,
      "aucpr": 0.0,
      "brier_score": null,
      "n_human_concerns": 1362,
      "n_matched": 944,
      "ci_recall": null,
      "ci_precision": null
    },
    "other": {
      "recall": 0.631578947368421,
      "precision": 0.6153846153846154,
      "f1_micro": 0.6233766233766234,
      "f1_macro": 0.0,
      "aucpr": 0.0,
      "brier_score": null,
      "n_human_concerns": 38,
      "n_matched": 24,
      "ci_recall": null,
      "ci_precision": null
    },
    "reagent_method_specificity": {
      "recall": 0.5410677618069816,
      "precision": 0.8157894736842105,
      "f1_micro": 0.6506172839506174,
      "f1_macro": 0.0,
      "aucpr": 0.0,
      "brier_score": null,
      "n_human_concerns": 974,
      "n_matched": 527,
      "ci_recall": null,
      "ci_precision": null
    },
    "statistical_methodology": {
      "recall": 0.6520547945205479,
      "precision": 0.8067796610169492,
      "f1_micro": 0.7212121212121212,
      "f1_macro": 0.0,
      "aucpr": 0.0,
      "brier_score": null,
      "n_human_concerns": 730,
      "n_matched": 476,
      "ci_recall": null,
      "ci_precision": null
    }
  },
  "per_stance": {},
  "matching_stats": {
    "n_tool_concerns": 11450,
    "n_human_concerns": 13186,
    "n_matched_pairs": 8110,
    "threshold": 0.65,
    "algorithm": "hungarian"
  },
  "n_articles": 944,
  "n_human_concerns": 13186,
  "n_tool_concerns": 11450,
  "excluded_figure_concerns": 684,
  "dedup_gt": false,
  "notes": ""
}