{
  "tool_name": "Gemini-2.5-Flash-Lite",
  "tool_version": "gemini-2.5-flash-lite",
  "git_hash": "",
  "benchmark_version": "1.0",
  "extraction_manifest_id": "em-v1.0",
  "split": "test",
  "run_date": "2026-03-17T05:57:46.990810Z",
  "recall_overall": 0.6100042998423391,
  "precision_overall": 0.7152941176470589,
  "f1_micro": 0.6584667749671231,
  "recall_major": 0.7792755604884886,
  "f1_macro": 0.0,
  "soft_recall_overall": 0.7124224037830919,
  "soft_precision_overall": 0.6219261532715058,
  "soft_f1": 0.6641055258714211,
  "ci_recall": {
    "lo": 0.5837496530668888,
    "hi": 0.6348535409714497,
    "n_bootstrap": 1000
  },
  "ci_precision": {
    "lo": 0.6923207900561893,
    "hi": 0.7358300445041566,
    "n_bootstrap": 1000
  },
  "bootstrap_n": 1000,
  "per_category": {
    "prior_art_novelty": {
      "recall": 0.7004203465962549,
      "precision": 0.727897447782725,
      "f1_micro": 0.7138946033843638,
      "f1_macro": 0.0,
      "aucpr": 0.0,
      "brier_score": null,
      "n_human_concerns": 1113,
      "n_matched": 668,
      "ci_recall": null,
      "ci_precision": null
    },
    "missing_experiment": {
      "recall": 0.8000909032119625,
      "precision": 0.6976390850287445,
      "f1_micro": 0.7453608995467459,
      "f1_macro": 0.0,
      "aucpr": 0.0,
      "brier_score": null,
      "n_human_concerns": 2146,
      "n_matched": 1556,
      "ci_recall": null,
      "ci_precision": null
    },
    "writing_clarity": {
      "recall": 0.6966408441413033,
      "precision": 0.7924240766998073,
      "f1_micro": 0.7414518601354535,
      "f1_macro": 0.0,
      "aucpr": 0.0,
      "brier_score": null,
      "n_human_concerns": 5173,
      "n_matched": 2690,
      "ci_recall": null,
      "ci_precision": null
    },
    "design_flaw": {
      "recall": 0.7745295849169089,
      "precision": 0.7541697044044462,
      "f1_micro": 0.7642140637987719,
      "f1_macro": 0.0,
      "aucpr": 0.0,
      "brier_score": null,
      "n_human_concerns": 1431,
      "n_matched": 991,
      "ci_recall": null,
      "ci_precision": null
    },
    "reagent_method_specificity": {
      "recall": 0.6384268538602577,
      "precision": 0.7101924561226887,
      "f1_micro": 0.6724001829744387,
      "f1_macro": 0.0,
      "aucpr": 0.0,
      "brier_score": null,
      "n_human_concerns": 1044,
      "n_matched": 559,
      "ci_recall": null,
      "ci_precision": null
    },
    "interpretation": {
      "recall": 0.7830327234691804,
      "precision": 0.7518110045709532,
      "f1_micro": 0.7671043086516761,
      "f1_macro": 0.0,
      "aucpr": 0.0,
      "brier_score": null,
      "n_human_concerns": 2241,
      "n_matched": 1529,
      "ci_recall": null,
      "ci_precision": null
    },
    "statistical_methodology": {
      "recall": 0.7174837227116048,
      "precision": 0.7589995125517914,
      "f1_micro": 0.7376579466610802,
      "f1_macro": 0.0,
      "aucpr": 0.0,
      "brier_score": null,
      "n_human_concerns": 767,
      "n_matched": 495,
      "ci_recall": null,
      "ci_precision": null
    },
    "other": {
      "recall": 0.59375,
      "precision": 0.5518973214285714,
      "f1_micro": 0.5720591816853384,
      "f1_macro": 0.0,
      "aucpr": 0.0,
      "brier_score": null,
      "n_human_concerns": 39,
      "n_matched": 24,
      "ci_recall": null,
      "ci_precision": null
    }
  },
  "per_stance": {},
  "matching_stats": {
    "n_tool_concerns": 11900,
    "n_human_concerns": 13954,
    "n_matched_pairs": 8512,
    "threshold": 0.65,
    "algorithm": "hungarian"
  },
  "n_articles": 982,
  "n_human_concerns": 13954,
  "n_tool_concerns": 11900,
  "excluded_figure_concerns": 736,
  "dedup_gt": false,
  "notes": ""
}