{
  "tool_name": "GPT-4o-mini",
  "tool_version": "gpt-4o-mini",
  "git_hash": "",
  "benchmark_version": "1.0",
  "extraction_manifest_id": "em-v1.0",
  "split": "test",
  "run_date": "2026-03-10T17:33:43.797212",
  "recall_overall": 0.6302430630243063,
  "precision_overall": 0.7349498327759197,
  "f1_micro": 0.6785810784729996,
  "recall_major": 0.8102463736019772,
  "f1_macro": 0.0,
  "soft_recall_overall": 0.7431055573314693,
  "soft_precision_overall": 0.6805829741585075,
  "soft_f1": 0.7104713975508025,
  "ci_recall": null,
  "ci_precision": null,
  "bootstrap_n": 0,
  "per_category": {
    "statistical_methodology": {
      "recall": 0.6675392670157068,
      "precision": 0.816,
      "f1_micro": 0.7343412526997839,
      "f1_macro": 0.0,
      "aucpr": 0.0,
      "brier_score": null,
      "n_human_concerns": 764,
      "n_matched": 510,
      "ci_recall": null,
      "ci_precision": null
    },
    "prior_art_novelty": {
      "recall": 0.6424079065588499,
      "precision": 0.7333333333333333,
      "f1_micro": 0.6848659003831418,
      "f1_macro": 0.0,
      "aucpr": 0.0,
      "brier_score": null,
      "n_human_concerns": 1113,
      "n_matched": 715,
      "ci_recall": null,
      "ci_precision": null
    },
    "writing_clarity": {
      "recall": 0.5489172467130704,
      "precision": 0.832063305978898,
      "f1_micro": 0.6614631873252564,
      "f1_macro": 0.0,
      "aucpr": 0.0,
      "brier_score": null,
      "n_human_concerns": 5172,
      "n_matched": 2839,
      "ci_recall": null,
      "ci_precision": null
    },
    "reagent_method_specificity": {
      "recall": 0.581573896353167,
      "precision": 0.8123324396782842,
      "f1_micro": 0.6778523489932886,
      "f1_macro": 0.0,
      "aucpr": 0.0,
      "brier_score": null,
      "n_human_concerns": 1042,
      "n_matched": 606,
      "ci_recall": null,
      "ci_precision": null
    },
    "interpretation": {
      "recall": 0.7049107142857143,
      "precision": 0.7042818911685995,
      "f1_micro": 0.7045961624274878,
      "f1_macro": 0.0,
      "aucpr": 0.0,
      "brier_score": null,
      "n_human_concerns": 2240,
      "n_matched": 1579,
      "ci_recall": null,
      "ci_precision": null
    },
    "design_flaw": {
      "recall": 0.6743535988819007,
      "precision": 0.6987690079652426,
      "f1_micro": 0.686344238975818,
      "f1_macro": 0.0,
      "aucpr": 0.0,
      "brier_score": null,
      "n_human_concerns": 1431,
      "n_matched": 965,
      "ci_recall": null,
      "ci_precision": null
    },
    "missing_experiment": {
      "recall": 0.7204100652376515,
      "precision": 0.621632488942501,
      "f1_micro": 0.6673861428879776,
      "f1_macro": 0.0,
      "aucpr": 0.0,
      "brier_score": null,
      "n_human_concerns": 2146,
      "n_matched": 1546,
      "ci_recall": null,
      "ci_precision": null
    },
    "other": {
      "recall": 0.7692307692307693,
      "precision": 0.5660377358490566,
      "f1_micro": 0.6521739130434783,
      "f1_macro": 0.0,
      "aucpr": 0.0,
      "brier_score": null,
      "n_human_concerns": 39,
      "n_matched": 30,
      "ci_recall": null,
      "ci_precision": null
    }
  },
  "per_stance": {
    "no_response": {
      "recall": 0.6083161038364346,
      "n_gt": 13059,
      "n_matched": 7944
    },
    "conceded": {
      "recall": 0.9409090909090909,
      "n_gt": 220,
      "n_matched": 207
    },
    "partial": {
      "recall": 0.9638157894736842,
      "n_gt": 608,
      "n_matched": 586
    },
    "rebutted": {
      "recall": 0.875,
      "n_gt": 56,
      "n_matched": 49
    },
    "unclear": {
      "recall": 1.0,
      "n_gt": 4,
      "n_matched": 4
    }
  },
  "matching_stats": {
    "n_tool_concerns": 11960,
    "n_human_concerns": 13947,
    "n_matched_pairs": 8790,
    "threshold": 0.65,
    "algorithm": "hungarian"
  },
  "n_articles": 981,
  "n_human_concerns": 13947,
  "n_tool_concerns": 11960,
  "excluded_figure_concerns": 736,
  "dedup_gt": false,
  "notes": ""
}
