{
  "tool_name": "GPT-4o-mini",
  "tool_version": "gpt-4o-mini",
  "git_hash": "",
  "benchmark_version": "1.0",
  "extraction_manifest_id": "em-v1.0",
  "split": "test",
  "run_date": "2026-03-17T09:54:49.039283Z",
  "recall_overall": 0.6775834886054178,
  "precision_overall": 0.7090363704536933,
  "f1_micro": 0.6929532045879293,
  "recall_major": 0.8382634988103276,
  "f1_macro": 0.0,
  "soft_recall_overall": 0.773411871851611,
  "soft_precision_overall": 0.6504254529271005,
  "soft_f1": 0.7066070797469264,
  "ci_recall": {
    "lo": 0.6522254778847495,
    "hi": 0.7034288258868933,
    "n_bootstrap": 1000
  },
  "ci_precision": {
    "lo": 0.6880293831047148,
    "hi": 0.7275792312879299,
    "n_bootstrap": 1000
  },
  "bootstrap_n": 1000,
  "per_category": {
    "prior_art_novelty": {
      "recall": 0.7684299978755046,
      "precision": 0.7709103675164861,
      "f1_micro": 0.7696681843616132,
      "f1_macro": 0.0,
      "aucpr": 0.0,
      "brier_score": null,
      "n_human_concerns": 1113,
      "n_matched": 771,
      "ci_recall": null,
      "ci_precision": null
    },
    "missing_experiment": {
      "recall": 0.8544748756917736,
      "precision": 0.7705855374833938,
      "f1_micro": 0.8103649267592203,
      "f1_macro": 0.0,
      "aucpr": 0.0,
      "brier_score": null,
      "n_human_concerns": 2146,
      "n_matched": 1645,
      "ci_recall": null,
      "ci_precision": null
    },
    "writing_clarity": {
      "recall": 0.7826837211317209,
      "precision": 0.8434145376013229,
      "f1_micro": 0.811915055195648,
      "f1_macro": 0.0,
      "aucpr": 0.0,
      "brier_score": null,
      "n_human_concerns": 5173,
      "n_matched": 3110,
      "ci_recall": null,
      "ci_precision": null
    },
    "design_flaw": {
      "recall": 0.8256238045557294,
      "precision": 0.7931512149822009,
      "f1_micro": 0.8090618100698457,
      "f1_macro": 0.0,
      "aucpr": 0.0,
      "brier_score": null,
      "n_human_concerns": 1431,
      "n_matched": 1031,
      "ci_recall": null,
      "ci_precision": null
    },
    "reagent_method_specificity": {
      "recall": 0.75271005128299,
      "precision": 0.804646709879268,
      "f1_micro": 0.7778123566316347,
      "f1_macro": 0.0,
      "aucpr": 0.0,
      "brier_score": null,
      "n_human_concerns": 1044,
      "n_matched": 660,
      "ci_recall": null,
      "ci_precision": null
    },
    "interpretation": {
      "recall": 0.8535216768207782,
      "precision": 0.8124286745917042,
      "f1_micro": 0.8324683674358846,
      "f1_macro": 0.0,
      "aucpr": 0.0,
      "brier_score": null,
      "n_human_concerns": 2241,
      "n_matched": 1669,
      "ci_recall": null,
      "ci_precision": null
    },
    "statistical_methodology": {
      "recall": 0.7991244308268437,
      "precision": 0.8415560236605812,
      "f1_micro": 0.8197915402445214,
      "f1_macro": 0.0,
      "aucpr": 0.0,
      "brier_score": null,
      "n_human_concerns": 767,
      "n_matched": 536,
      "ci_recall": null,
      "ci_precision": null
    },
    "other": {
      "recall": 0.84375,
      "precision": 0.7145337301587301,
      "f1_micro": 0.7737844182715262,
      "f1_macro": 0.0,
      "aucpr": 0.0,
      "brier_score": null,
      "n_human_concerns": 39,
      "n_matched": 33,
      "ci_recall": null,
      "ci_precision": null
    }
  },
  "per_stance": {},
  "matching_stats": {
    "n_tool_concerns": 13335,
    "n_human_concerns": 13954,
    "n_matched_pairs": 9455,
    "threshold": 0.65,
    "algorithm": "hungarian"
  },
  "n_articles": 982,
  "n_human_concerns": 13954,
  "n_tool_concerns": 13335,
  "excluded_figure_concerns": 736,
  "dedup_gt": false,
  "notes": ""
}