{
  "tool_name": "GPT-4o-mini",
  "tool_version": "gpt-4o-mini",
  "git_hash": "",
  "benchmark_version": "1.0",
  "extraction_manifest_id": "em-v1.0",
  "split": "test",
  "run_date": "2026-03-13T05:34:31.829217Z",
  "recall_overall": 0.6779235677923567,
  "precision_overall": 0.7090363704536933,
  "f1_micro": 0.6931310021259438,
  "recall_major": 0.8391179977897468,
  "f1_macro": 0.0,
  "soft_recall_overall": 0.7742002520601399,
  "soft_precision_overall": 0.6510884658362316,
  "soft_f1": 0.7073273618664958,
  "ci_recall": null,
  "ci_precision": null,
  "bootstrap_n": 0,
  "per_category": {
    "statistical_methodology": {
      "recall": 0.8012726147806793,
      "precision": 0.8438182710360129,
      "f1_micro": 0.8219952809441037,
      "f1_macro": 0.0,
      "aucpr": 0.0,
      "brier_score": null,
      "n_human_concerns": 764,
      "n_matched": 536,
      "ci_recall": null,
      "ci_precision": null
    },
    "prior_art_novelty": {
      "recall": 0.7684299978755046,
      "precision": 0.7709103675164861,
      "f1_micro": 0.7696681843616132,
      "f1_macro": 0.0,
      "aucpr": 0.0,
      "brier_score": null,
      "n_human_concerns": 1113,
      "n_matched": 771,
      "ci_recall": null,
      "ci_precision": null
    },
    "writing_clarity": {
      "recall": 0.7836795019474101,
      "precision": 0.8444875840868207,
      "f1_micro": 0.8129480260037849,
      "f1_macro": 0.0,
      "aucpr": 0.0,
      "brier_score": null,
      "n_human_concerns": 5172,
      "n_matched": 3110,
      "ci_recall": null,
      "ci_precision": null
    },
    "reagent_method_specificity": {
      "recall": 0.7543047759679116,
      "precision": 0.8063514698578258,
      "f1_micro": 0.7794602641668714,
      "f1_macro": 0.0,
      "aucpr": 0.0,
      "brier_score": null,
      "n_human_concerns": 1042,
      "n_matched": 660,
      "ci_recall": null,
      "ci_precision": null
    },
    "interpretation": {
      "recall": 0.8546187483848152,
      "precision": 0.8134729273868092,
      "f1_micro": 0.8335383781909436,
      "f1_macro": 0.0,
      "aucpr": 0.0,
      "brier_score": null,
      "n_human_concerns": 2240,
      "n_matched": 1669,
      "ci_recall": null,
      "ci_precision": null
    },
    "design_flaw": {
      "recall": 0.8256238045557294,
      "precision": 0.7931512149822009,
      "f1_micro": 0.8090618100698457,
      "f1_macro": 0.0,
      "aucpr": 0.0,
      "brier_score": null,
      "n_human_concerns": 1431,
      "n_matched": 1031,
      "ci_recall": null,
      "ci_precision": null
    },
    "missing_experiment": {
      "recall": 0.8544748756917736,
      "precision": 0.7705855374833938,
      "f1_micro": 0.8103649267592203,
      "f1_macro": 0.0,
      "aucpr": 0.0,
      "brier_score": null,
      "n_human_concerns": 2146,
      "n_matched": 1645,
      "ci_recall": null,
      "ci_precision": null
    },
    "other": {
      "recall": 0.84375,
      "precision": 0.7145337301587301,
      "f1_micro": 0.7737844182715262,
      "f1_macro": 0.0,
      "aucpr": 0.0,
      "brier_score": null,
      "n_human_concerns": 39,
      "n_matched": 33,
      "ci_recall": null,
      "ci_precision": null
    }
  },
  "per_stance": {},
  "matching_stats": {
    "n_tool_concerns": 13335,
    "n_human_concerns": 13947,
    "n_matched_pairs": 9455,
    "threshold": 0.65,
    "algorithm": "hungarian"
  },
  "n_articles": 981,
  "n_human_concerns": 13947,
  "n_tool_concerns": 13335,
  "excluded_figure_concerns": 736,
  "dedup_gt": false,
  "notes": ""
}