{
  "tool_name": "GPT-4o-mini",
  "tool_version": "gpt-4o-mini",
  "git_hash": "",
  "benchmark_version": "1.0",
  "extraction_manifest_id": "em-v1.0",
  "split": "test",
  "run_date": "2026-03-21T01:37:54.141693Z",
  "recall_overall": 0.6844380403458213,
  "precision_overall": 0.7032650198706459,
  "f1_micro": 0.6937238172105,
  "recall_major": 0.8404629516518354,
  "f1_macro": 0.0,
  "soft_recall_overall": 0.7787678876021222,
  "soft_precision_overall": 0.6458133619781249,
  "soft_f1": 0.7060863784934976,
  "ci_recall": {
    "lo": 0.6575744558991982,
    "hi": 0.7097373925168488,
    "n_bootstrap": 1000
  },
  "ci_precision": {
    "lo": 0.6834319526627219,
    "hi": 0.7237190468774334,
    "n_bootstrap": 1000
  },
  "bootstrap_n": 1000,
  "per_category": {
    "interpretation": {
      "recall": 0.7450162262401484,
      "precision": 0.6870457460453185,
      "f1_micro": 0.7148576512455518,
      "f1_macro": 0.0,
      "aucpr": 0.0,
      "brier_score": null,
      "n_human_concerns": 2157,
      "n_matched": 1607,
      "ci_recall": null,
      "ci_precision": null
    },
    "missing_experiment": {
      "recall": 0.7710144927536232,
      "precision": 0.5959671396564601,
      "f1_micro": 0.6722830665543387,
      "f1_macro": 0.0,
      "aucpr": 0.0,
      "brier_score": null,
      "n_human_concerns": 2070,
      "n_matched": 1596,
      "ci_recall": null,
      "ci_precision": null
    },
    "writing_clarity": {
      "recall": 0.6115272575946733,
      "precision": 0.7851990382046486,
      "f1_micro": 0.6875657971692595,
      "f1_macro": 0.0,
      "aucpr": 0.0,
      "brier_score": null,
      "n_human_concerns": 4806,
      "n_matched": 2939,
      "ci_recall": null,
      "ci_precision": null
    },
    "prior_art_novelty": {
      "recall": 0.6978074356530028,
      "precision": 0.6978074356530028,
      "f1_micro": 0.6978074356530028,
      "f1_macro": 0.0,
      "aucpr": 0.0,
      "brier_score": null,
      "n_human_concerns": 1049,
      "n_matched": 732,
      "ci_recall": null,
      "ci_precision": null
    },
    "design_flaw": {
      "recall": 0.7224669603524229,
      "precision": 0.6648648648648648,
      "f1_micro": 0.6924700914848697,
      "f1_macro": 0.0,
      "aucpr": 0.0,
      "brier_score": null,
      "n_human_concerns": 1362,
      "n_matched": 984,
      "ci_recall": null,
      "ci_precision": null
    },
    "other": {
      "recall": 0.8421052631578947,
      "precision": 0.5614035087719298,
      "f1_micro": 0.6736842105263158,
      "f1_macro": 0.0,
      "aucpr": 0.0,
      "brier_score": null,
      "n_human_concerns": 38,
      "n_matched": 32,
      "ci_recall": null,
      "ci_precision": null
    },
    "reagent_method_specificity": {
      "recall": 0.6406570841889117,
      "precision": 0.7858942065491183,
      "f1_micro": 0.7058823529411764,
      "f1_macro": 0.0,
      "aucpr": 0.0,
      "brier_score": null,
      "n_human_concerns": 974,
      "n_matched": 624,
      "ci_recall": null,
      "ci_precision": null
    },
    "statistical_methodology": {
      "recall": 0.7,
      "precision": 0.7849462365591398,
      "f1_micro": 0.7400434467776973,
      "f1_macro": 0.0,
      "aucpr": 0.0,
      "brier_score": null,
      "n_human_concerns": 730,
      "n_matched": 511,
      "ci_recall": null,
      "ci_precision": null
    }
  },
  "per_stance": {},
  "matching_stats": {
    "n_tool_concerns": 12833,
    "n_human_concerns": 13186,
    "n_matched_pairs": 9025,
    "threshold": 0.65,
    "algorithm": "hungarian"
  },
  "n_articles": 944,
  "n_human_concerns": 13186,
  "n_tool_concerns": 12833,
  "excluded_figure_concerns": 684,
  "dedup_gt": false,
  "notes": ""
}