{
  "tool_name": "GPT-4o-mini",
  "tool_version": "gpt-4o-mini",
  "git_hash": "",
  "benchmark_version": "1.0",
  "extraction_manifest_id": "em-v1.0",
  "split": "test",
  "run_date": "2026-03-18T00:15:17.473158Z",
  "recall_overall": 0.5853451600462785,
  "precision_overall": 0.775099581248085,
  "f1_micro": 0.6669889259975391,
  "recall_major": 0.6239592539808478,
  "f1_macro": 0.0,
  "soft_recall_overall": 0.5755956412948589,
  "soft_precision_overall": 0.5464570195467853,
  "soft_f1": 0.560647979516712,
  "ci_recall": {
    "lo": 0.5600177830468287,
    "hi": 0.6102053613419032,
    "n_bootstrap": 1000
  },
  "ci_precision": {
    "lo": 0.7541704125461992,
    "hi": 0.7959035142441256,
    "n_bootstrap": 1000
  },
  "bootstrap_n": 1000,
  "per_category": {
    "writing_clarity": {
      "recall": 0.6599750082990731,
      "precision": 0.7426894077028124,
      "f1_micro": 0.6988933951991527,
      "f1_macro": 0.0,
      "aucpr": 0.0,
      "brier_score": null,
      "n_human_concerns": 4732,
      "n_matched": 2684,
      "ci_recall": null,
      "ci_precision": null
    },
    "missing_experiment": {
      "recall": 0.6307523412105085,
      "precision": 0.6265993818782664,
      "f1_micro": 0.6286690030532832,
      "f1_macro": 0.0,
      "aucpr": 0.0,
      "brier_score": null,
      "n_human_concerns": 2019,
      "n_matched": 1174,
      "ci_recall": null,
      "ci_precision": null
    },
    "prior_art_novelty": {
      "recall": 0.6468317715305667,
      "precision": 0.6815486554944387,
      "f1_micro": 0.6637365550545637,
      "f1_macro": 0.0,
      "aucpr": 0.0,
      "brier_score": null,
      "n_human_concerns": 1044,
      "n_matched": 655,
      "ci_recall": null,
      "ci_precision": null
    },
    "interpretation": {
      "recall": 0.6473911949388789,
      "precision": 0.6723473052832726,
      "f1_micro": 0.659633291455851,
      "f1_macro": 0.0,
      "aucpr": 0.0,
      "brier_score": null,
      "n_human_concerns": 2066,
      "n_matched": 1257,
      "ci_recall": null,
      "ci_precision": null
    },
    "design_flaw": {
      "recall": 0.6522180416202156,
      "precision": 0.6682570820112625,
      "f1_micro": 0.6601401533859771,
      "f1_macro": 0.0,
      "aucpr": 0.0,
      "brier_score": null,
      "n_human_concerns": 1351,
      "n_matched": 792,
      "ci_recall": null,
      "ci_precision": null
    },
    "reagent_method_specificity": {
      "recall": 0.6559780111005056,
      "precision": 0.7219143885068161,
      "f1_micro": 0.6873685708586481,
      "f1_macro": 0.0,
      "aucpr": 0.0,
      "brier_score": null,
      "n_human_concerns": 965,
      "n_matched": 566,
      "ci_recall": null,
      "ci_precision": null
    },
    "statistical_methodology": {
      "recall": 0.6510926592859366,
      "precision": 0.7140934151438353,
      "f1_micro": 0.6811393543386068,
      "f1_macro": 0.0,
      "aucpr": 0.0,
      "brier_score": null,
      "n_human_concerns": 750,
      "n_matched": 433,
      "ci_recall": null,
      "ci_precision": null
    },
    "other": {
      "recall": 0.71875,
      "precision": 0.6155753968253969,
      "f1_micro": 0.6631737918215614,
      "f1_macro": 0.0,
      "aucpr": 0.0,
      "brier_score": null,
      "n_human_concerns": 38,
      "n_matched": 28,
      "ci_recall": null,
      "ci_precision": null
    }
  },
  "per_stance": {},
  "matching_stats": {
    "n_tool_concerns": 9791,
    "n_human_concerns": 12965,
    "n_matched_pairs": 7589,
    "threshold": 0.65,
    "algorithm": "hungarian"
  },
  "n_articles": 940,
  "n_human_concerns": 12965,
  "n_tool_concerns": 9791,
  "excluded_figure_concerns": 654,
  "dedup_gt": false,
  "notes": ""
}