{
  "tool_name": "GPT-4o-mini",
  "tool_version": "gpt-4o-mini",
  "git_hash": "",
  "benchmark_version": "1.0",
  "extraction_manifest_id": "em-v1.0",
  "split": "test",
  "run_date": "2026-03-18T09:37:03.143678Z",
  "recall_overall": 0.6844380403458213,
  "precision_overall": 0.7032650198706459,
  "f1_micro": 0.6937238172105,
  "recall_major": 0.8404629516518354,
  "f1_macro": 0.0,
  "soft_recall_overall": 0.7787678875175043,
  "soft_precision_overall": 0.6458133619534933,
  "soft_f1": 0.7060863784439955,
  "ci_recall": {
    "lo": 0.6577117341336651,
    "hi": 0.7122185251102685,
    "n_bootstrap": 1000
  },
  "ci_precision": {
    "lo": 0.6820624659241374,
    "hi": 0.7221486959906579,
    "n_bootstrap": 1000
  },
  "bootstrap_n": 1000,
  "per_category": {
    "missing_experiment": {
      "recall": 0.8592622554843317,
      "precision": 0.7691171363313283,
      "f1_micro": 0.811694533371399,
      "f1_macro": 0.0,
      "aucpr": 0.0,
      "brier_score": null,
      "n_human_concerns": 2070,
      "n_matched": 1596,
      "ci_recall": null,
      "ci_precision": null
    },
    "writing_clarity": {
      "recall": 0.7905700650278354,
      "precision": 0.8403916584824462,
      "f1_micro": 0.8147199023964461,
      "f1_macro": 0.0,
      "aucpr": 0.0,
      "brier_score": null,
      "n_human_concerns": 4806,
      "n_matched": 2939,
      "ci_recall": null,
      "ci_precision": null
    },
    "interpretation": {
      "recall": 0.8545912427087327,
      "precision": 0.8101767873129689,
      "f1_micro": 0.8317915469274516,
      "f1_macro": 0.0,
      "aucpr": 0.0,
      "brier_score": null,
      "n_human_concerns": 2157,
      "n_matched": 1607,
      "ci_recall": null,
      "ci_precision": null
    },
    "prior_art_novelty": {
      "recall": 0.7717723796671164,
      "precision": 0.7690554553408805,
      "f1_micro": 0.7704115221430027,
      "f1_macro": 0.0,
      "aucpr": 0.0,
      "brier_score": null,
      "n_human_concerns": 1049,
      "n_matched": 732,
      "ci_recall": null,
      "ci_precision": null
    },
    "reagent_method_specificity": {
      "recall": 0.756623795351474,
      "precision": 0.8019298224097332,
      "f1_micro": 0.7786183021521818,
      "f1_macro": 0.0,
      "aucpr": 0.0,
      "brier_score": null,
      "n_human_concerns": 974,
      "n_matched": 624,
      "ci_recall": null,
      "ci_precision": null
    },
    "design_flaw": {
      "recall": 0.8294303509729042,
      "precision": 0.7939011888275391,
      "f1_micro": 0.8112769641227812,
      "f1_macro": 0.0,
      "aucpr": 0.0,
      "brier_score": null,
      "n_human_concerns": 1362,
      "n_matched": 984,
      "ci_recall": null,
      "ci_precision": null
    },
    "statistical_methodology": {
      "recall": 0.8011522550474393,
      "precision": 0.8410776114033903,
      "f1_micro": 0.8206296071109912,
      "f1_macro": 0.0,
      "aucpr": 0.0,
      "brier_score": null,
      "n_human_concerns": 730,
      "n_matched": 511,
      "ci_recall": null,
      "ci_precision": null
    },
    "other": {
      "recall": 0.8387096774193549,
      "precision": 0.7053251408090118,
      "f1_micro": 0.7662560640989297,
      "f1_macro": 0.0,
      "aucpr": 0.0,
      "brier_score": null,
      "n_human_concerns": 38,
      "n_matched": 32,
      "ci_recall": null,
      "ci_precision": null
    }
  },
  "per_stance": {},
  "matching_stats": {
    "n_tool_concerns": 12833,
    "n_human_concerns": 13186,
    "n_matched_pairs": 9025,
    "threshold": 0.65,
    "algorithm": "hungarian"
  },
  "n_articles": 944,
  "n_human_concerns": 13186,
  "n_tool_concerns": 12833,
  "excluded_figure_concerns": 684,
  "dedup_gt": false,
  "notes": ""
}