{
  "tool_name": "Haiku-4.5",
  "tool_version": "claude-haiku-4-5-20251001",
  "git_hash": "",
  "benchmark_version": "1.0",
  "extraction_manifest_id": "em-v1.0",
  "split": "test",
  "run_date": "2026-03-09T20:55:47.804063",
  "recall_overall": 0.9903562290887621,
  "precision_overall": 0.33912926270386845,
  "f1_micro": 0.5052462473015713,
  "recall_major": 0.9370193548247628,
  "f1_macro": 0.0,
  "soft_recall_overall": 0.908311847057862,
  "soft_precision_overall": 0.308997879648013,
  "soft_f1": 0.4611257573034475,
  "ci_recall": null,
  "ci_precision": null,
  "bootstrap_n": 0,
  "per_category": {
    "statistical_methodology": {
      "recall": 0.9985569985569985,
      "precision": 0.6144966865746087,
      "f1_micro": 0.7608053874773525,
      "f1_macro": 0.0,
      "aucpr": 0.0,
      "brier_score": null,
      "n_human_concerns": 285,
      "n_matched": 284,
      "ci_recall": null,
      "ci_precision": null
    },
    "reagent_method_specificity": {
      "recall": 0.996578366445916,
      "precision": 0.7291015551777141,
      "f1_micro": 0.8421107851200413,
      "f1_macro": 0.0,
      "aucpr": 0.0,
      "brier_score": null,
      "n_human_concerns": 407,
      "n_matched": 404,
      "ci_recall": null,
      "ci_precision": null
    },
    "writing_clarity": {
      "recall": 0.9950032729989934,
      "precision": 0.5681632937517388,
      "f1_micro": 0.7233065866499141,
      "f1_macro": 0.0,
      "aucpr": 0.0,
      "brier_score": null,
      "n_human_concerns": 2070,
      "n_matched": 2040,
      "ci_recall": null,
      "ci_precision": null
    },
    "prior_art_novelty": {
      "recall": 0.9914255091103965,
      "precision": 0.5901491149079574,
      "f1_micro": 0.7398814799040196,
      "f1_macro": 0.0,
      "aucpr": 0.0,
      "brier_score": null,
      "n_human_concerns": 390,
      "n_matched": 386,
      "ci_recall": null,
      "ci_precision": null
    },
    "interpretation": {
      "recall": 0.9973419540229884,
      "precision": 0.5346765662498421,
      "f1_micro": 0.6961474215846349,
      "f1_macro": 0.0,
      "aucpr": 0.0,
      "brier_score": null,
      "n_human_concerns": 651,
      "n_matched": 647,
      "ci_recall": null,
      "ci_precision": null
    },
    "missing_experiment": {
      "recall": 0.9978716437459071,
      "precision": 0.4757163159913651,
      "f1_micro": 0.6442829816276273,
      "f1_macro": 0.0,
      "aucpr": 0.0,
      "brier_score": null,
      "n_human_concerns": 729,
      "n_matched": 726,
      "ci_recall": null,
      "ci_precision": null
    },
    "design_flaw": {
      "recall": 0.9945424013434089,
      "precision": 0.5114753110030188,
      "f1_micro": 0.6755350615900289,
      "f1_macro": 0.0,
      "aucpr": 0.0,
      "brier_score": null,
      "n_human_concerns": 524,
      "n_matched": 520,
      "ci_recall": null,
      "ci_precision": null
    },
    "other": {
      "recall": 1.0,
      "precision": 0.665306473829201,
      "f1_micro": 0.7990198612504007,
      "f1_macro": 0.0,
      "aucpr": 0.0,
      "brier_score": null,
      "n_human_concerns": 25,
      "n_matched": 25,
      "ci_recall": null,
      "ci_precision": null
    }
  },
  "per_stance": {
    "no_response": {
      "recall": 0.9897741798040051,
      "n_gt": 4694,
      "n_matched": 4646
    },
    "conceded": {
      "recall": 0.9902912621359223,
      "n_gt": 103,
      "n_matched": 102
    },
    "partial": {
      "recall": 1.0,
      "n_gt": 257,
      "n_matched": 257
    },
    "rebutted": {
      "recall": 1.0,
      "n_gt": 25,
      "n_matched": 25
    },
    "unclear": {
      "recall": 1.0,
      "n_gt": 2,
      "n_matched": 2
    }
  },
  "matching_stats": {
    "n_tool_concerns": 14838,
    "n_human_concerns": 5081,
    "n_matched_pairs": 5032,
    "threshold": 0.65,
    "algorithm": "hungarian"
  },
  "n_articles": 981,
  "n_human_concerns": 5081,
  "n_tool_concerns": 14838,
  "excluded_figure_concerns": 736,
  "dedup_gt": true,
  "notes": ""
}
