{
  "tool_name": "Haiku-4.5",
  "tool_version": "claude-haiku-4-5-20251001",
  "git_hash": "",
  "benchmark_version": "1.0",
  "extraction_manifest_id": "em-v1.0",
  "split": "test",
  "run_date": "2026-03-10T16:53:50.730799",
  "recall_overall": 0.7212303721230372,
  "precision_overall": 0.6779215527699151,
  "f1_micro": 0.6989056800416884,
  "recall_major": 0.8661207126616439,
  "f1_macro": 0.0,
  "soft_recall_overall": 0.7997184678555574,
  "soft_precision_overall": 0.6219581841439872,
  "soft_f1": 0.6997251384754589,
  "ci_recall": null,
  "ci_precision": null,
  "bootstrap_n": 0,
  "per_category": {
    "statistical_methodology": {
      "recall": 0.7630890052356021,
      "precision": 0.7857142857142857,
      "f1_micro": 0.7742363877822046,
      "f1_macro": 0.0,
      "aucpr": 0.0,
      "brier_score": null,
      "n_human_concerns": 764,
      "n_matched": 583,
      "ci_recall": null,
      "ci_precision": null
    },
    "prior_art_novelty": {
      "recall": 0.7277628032345014,
      "precision": 0.6823925863521483,
      "f1_micro": 0.7043478260869566,
      "f1_macro": 0.0,
      "aucpr": 0.0,
      "brier_score": null,
      "n_human_concerns": 1113,
      "n_matched": 810,
      "ci_recall": null,
      "ci_precision": null
    },
    "writing_clarity": {
      "recall": 0.6490719257540604,
      "precision": 0.7745731425934471,
      "f1_micro": 0.7062907637281717,
      "f1_macro": 0.0,
      "aucpr": 0.0,
      "brier_score": null,
      "n_human_concerns": 5172,
      "n_matched": 3357,
      "ci_recall": null,
      "ci_precision": null
    },
    "reagent_method_specificity": {
      "recall": 0.6602687140115163,
      "precision": 0.7809307604994324,
      "f1_micro": 0.7155486219448778,
      "f1_macro": 0.0,
      "aucpr": 0.0,
      "brier_score": null,
      "n_human_concerns": 1042,
      "n_matched": 688,
      "ci_recall": null,
      "ci_precision": null
    },
    "interpretation": {
      "recall": 0.7669642857142858,
      "precision": 0.6388992190405355,
      "f1_micro": 0.6970988030026375,
      "f1_macro": 0.0,
      "aucpr": 0.0,
      "brier_score": null,
      "n_human_concerns": 2240,
      "n_matched": 1718,
      "ci_recall": null,
      "ci_precision": null
    },
    "design_flaw": {
      "recall": 0.7875611460517121,
      "precision": 0.6633313713949383,
      "f1_micro": 0.7201277955271566,
      "f1_macro": 0.0,
      "aucpr": 0.0,
      "brier_score": null,
      "n_human_concerns": 1431,
      "n_matched": 1127,
      "ci_recall": null,
      "ci_precision": null
    },
    "missing_experiment": {
      "recall": 0.8136067101584343,
      "precision": 0.544773790951638,
      "f1_micro": 0.6525883012521023,
      "f1_macro": 0.0,
      "aucpr": 0.0,
      "brier_score": null,
      "n_human_concerns": 2146,
      "n_matched": 1746,
      "ci_recall": null,
      "ci_precision": null
    },
    "other": {
      "recall": 0.7692307692307693,
      "precision": 0.5555555555555556,
      "f1_micro": 0.6451612903225806,
      "f1_macro": 0.0,
      "aucpr": 0.0,
      "brier_score": null,
      "n_human_concerns": 39,
      "n_matched": 30,
      "ci_recall": null,
      "ci_precision": null
    }
  },
  "per_stance": {
    "no_response": {
      "recall": 0.7041886821349261,
      "n_gt": 13059,
      "n_matched": 9196
    },
    "conceded": {
      "recall": 0.9590909090909091,
      "n_gt": 220,
      "n_matched": 211
    },
    "partial": {
      "recall": 0.9786184210526315,
      "n_gt": 608,
      "n_matched": 595
    },
    "rebutted": {
      "recall": 0.9464285714285714,
      "n_gt": 56,
      "n_matched": 53
    },
    "unclear": {
      "recall": 1.0,
      "n_gt": 4,
      "n_matched": 4
    }
  },
  "matching_stats": {
    "n_tool_concerns": 14838,
    "n_human_concerns": 13947,
    "n_matched_pairs": 10059,
    "threshold": 0.65,
    "algorithm": "hungarian"
  },
  "n_articles": 981,
  "n_human_concerns": 13947,
  "n_tool_concerns": 14838,
  "excluded_figure_concerns": 736,
  "dedup_gt": false,
  "notes": ""
}
