{
  "tool_name": "Haiku-4.5",
  "tool_version": "claude-haiku-4-5-20251001",
  "git_hash": "",
  "benchmark_version": "1.0",
  "extraction_manifest_id": "em-v1.0",
  "split": "test",
  "run_date": "2026-03-15T03:16:07.421457Z",
  "recall_overall": 0.7212303721230372,
  "precision_overall": 0.6779215527699151,
  "f1_micro": 0.6989056800416884,
  "recall_major": 0.8661207126616439,
  "f1_macro": 0.0,
  "soft_recall_overall": 0.7997184721311477,
  "soft_precision_overall": 0.621958186351237,
  "soft_f1": 0.6997251415089387,
  "ci_recall": {
    "lo": 0.6929031374160844,
    "hi": 0.7520361320894418,
    "n_bootstrap": 1000
  },
  "ci_precision": {
    "lo": 0.6577723873054376,
    "hi": 0.698741672834937,
    "n_bootstrap": 1000
  },
  "bootstrap_n": 1000,
  "per_category": {
    "statistical_methodology": {
      "recall": 0.8452133962214606,
      "precision": 0.8457469278033793,
      "f1_micro": 0.8454800778425123,
      "f1_macro": 0.0,
      "aucpr": 0.0,
      "brier_score": null,
      "n_human_concerns": 764,
      "n_matched": 583,
      "ci_recall": null,
      "ci_precision": null
    },
    "prior_art_novelty": {
      "recall": 0.8114252329357492,
      "precision": 0.7819975037709264,
      "f1_micro": 0.7964396290264634,
      "f1_macro": 0.0,
      "aucpr": 0.0,
      "brier_score": null,
      "n_human_concerns": 1113,
      "n_matched": 810,
      "ci_recall": null,
      "ci_precision": null
    },
    "writing_clarity": {
      "recall": 0.8158417824156773,
      "precision": 0.8231992526839855,
      "f1_micro": 0.8195040041228976,
      "f1_macro": 0.0,
      "aucpr": 0.0,
      "brier_score": null,
      "n_human_concerns": 5172,
      "n_matched": 3357,
      "ci_recall": null,
      "ci_precision": null
    },
    "reagent_method_specificity": {
      "recall": 0.7656622979186538,
      "precision": 0.8081163716227275,
      "f1_micro": 0.7863167166481575,
      "f1_macro": 0.0,
      "aucpr": 0.0,
      "brier_score": null,
      "n_human_concerns": 1042,
      "n_matched": 688,
      "ci_recall": null,
      "ci_precision": null
    },
    "interpretation": {
      "recall": 0.8697755650519147,
      "precision": 0.7735782515827503,
      "f1_micro": 0.8188613481424594,
      "f1_macro": 0.0,
      "aucpr": 0.0,
      "brier_score": null,
      "n_human_concerns": 2240,
      "n_matched": 1718,
      "ci_recall": null,
      "ci_precision": null
    },
    "design_flaw": {
      "recall": 0.8770977718160817,
      "precision": 0.8025916615118494,
      "f1_micro": 0.8381922800996454,
      "f1_macro": 0.0,
      "aucpr": 0.0,
      "brier_score": null,
      "n_human_concerns": 1431,
      "n_matched": 1127,
      "ci_recall": null,
      "ci_precision": null
    },
    "missing_experiment": {
      "recall": 0.8867289149130259,
      "precision": 0.7284343703795153,
      "f1_micro": 0.7998247913553707,
      "f1_macro": 0.0,
      "aucpr": 0.0,
      "brier_score": null,
      "n_human_concerns": 2146,
      "n_matched": 1746,
      "ci_recall": null,
      "ci_precision": null
    },
    "other": {
      "recall": 0.765625,
      "precision": 0.7059659090909091,
      "f1_micro": 0.7345861486486487,
      "f1_macro": 0.0,
      "aucpr": 0.0,
      "brier_score": null,
      "n_human_concerns": 39,
      "n_matched": 30,
      "ci_recall": null,
      "ci_precision": null
    }
  },
  "per_stance": {},
  "matching_stats": {
    "n_tool_concerns": 14838,
    "n_human_concerns": 13947,
    "n_matched_pairs": 10059,
    "threshold": 0.65,
    "algorithm": "hungarian"
  },
  "n_articles": 981,
  "n_human_concerns": 13947,
  "n_tool_concerns": 14838,
  "excluded_figure_concerns": 736,
  "dedup_gt": false,
  "notes": ""
}