{
  "tool_name": "Haiku-4.5",
  "tool_version": "claude-haiku-4-5-20251001",
  "git_hash": "",
  "benchmark_version": "1.0",
  "extraction_manifest_id": "em-v1.0",
  "split": "test",
  "run_date": "2026-03-17T05:02:57.199135Z",
  "recall_overall": 0.7213702164253978,
  "precision_overall": 0.6776625824693685,
  "f1_micro": 0.6988336573174118,
  "recall_major": 0.8662570459481392,
  "f1_macro": 0.0,
  "soft_recall_overall": 0.799849807097806,
  "soft_precision_overall": 0.62173857680742,
  "soft_f1": 0.6996363875154357,
  "ci_recall": {
    "lo": 0.6954423222781494,
    "hi": 0.7465489090099451,
    "n_bootstrap": 1000
  },
  "ci_precision": {
    "lo": 0.6564050972501677,
    "hi": 0.6966352624495289,
    "n_bootstrap": 1000
  },
  "bootstrap_n": 1000,
  "per_category": {
    "prior_art_novelty": {
      "recall": 0.8114252329357492,
      "precision": 0.7819975037709264,
      "f1_micro": 0.7964396290264634,
      "f1_macro": 0.0,
      "aucpr": 0.0,
      "brier_score": null,
      "n_human_concerns": 1113,
      "n_matched": 810,
      "ci_recall": null,
      "ci_precision": null
    },
    "missing_experiment": {
      "recall": 0.8867289149130259,
      "precision": 0.7284343703795153,
      "f1_micro": 0.7998247913553707,
      "f1_macro": 0.0,
      "aucpr": 0.0,
      "brier_score": null,
      "n_human_concerns": 2146,
      "n_matched": 1746,
      "ci_recall": null,
      "ci_precision": null
    },
    "writing_clarity": {
      "recall": 0.8160757826921503,
      "precision": 0.8225768055183558,
      "f1_micro": 0.8193133983584392,
      "f1_macro": 0.0,
      "aucpr": 0.0,
      "brier_score": null,
      "n_human_concerns": 5173,
      "n_matched": 3358,
      "ci_recall": null,
      "ci_precision": null
    },
    "design_flaw": {
      "recall": 0.8770977718160817,
      "precision": 0.8025916615118494,
      "f1_micro": 0.8381922800996454,
      "f1_macro": 0.0,
      "aucpr": 0.0,
      "brier_score": null,
      "n_human_concerns": 1431,
      "n_matched": 1127,
      "ci_recall": null,
      "ci_precision": null
    },
    "reagent_method_specificity": {
      "recall": 0.7661577264642804,
      "precision": 0.8074649628032291,
      "f1_micro": 0.786269191871978,
      "f1_macro": 0.0,
      "aucpr": 0.0,
      "brier_score": null,
      "n_human_concerns": 1044,
      "n_matched": 690,
      "ci_recall": null,
      "ci_precision": null
    },
    "interpretation": {
      "recall": 0.8699427337745694,
      "precision": 0.7732270599889342,
      "f1_micro": 0.8187385928688276,
      "f1_macro": 0.0,
      "aucpr": 0.0,
      "brier_score": null,
      "n_human_concerns": 2241,
      "n_matched": 1719,
      "ci_recall": null,
      "ci_precision": null
    },
    "statistical_methodology": {
      "recall": 0.8456283737114836,
      "precision": 0.8446284948295673,
      "f1_micro": 0.845128138529151,
      "f1_macro": 0.0,
      "aucpr": 0.0,
      "brier_score": null,
      "n_human_concerns": 767,
      "n_matched": 586,
      "ci_recall": null,
      "ci_precision": null
    },
    "other": {
      "recall": 0.765625,
      "precision": 0.7059659090909091,
      "f1_micro": 0.7345861486486487,
      "f1_macro": 0.0,
      "aucpr": 0.0,
      "brier_score": null,
      "n_human_concerns": 39,
      "n_matched": 30,
      "ci_recall": null,
      "ci_precision": null
    }
  },
  "per_stance": {},
  "matching_stats": {
    "n_tool_concerns": 14854,
    "n_human_concerns": 13954,
    "n_matched_pairs": 10066,
    "threshold": 0.65,
    "algorithm": "hungarian"
  },
  "n_articles": 982,
  "n_human_concerns": 13954,
  "n_tool_concerns": 14854,
  "excluded_figure_concerns": 736,
  "dedup_gt": false,
  "notes": ""
}