{
  "tool_name": "Haiku-4.5",
  "tool_version": "claude-haiku-4-5-20251001",
  "git_hash": "",
  "benchmark_version": "1.0",
  "extraction_manifest_id": "em-v1.0",
  "split": "test",
  "run_date": "2026-03-18T08:35:27.249261Z",
  "recall_overall": 0.7247080236614591,
  "precision_overall": 0.6746205435933639,
  "f1_micro": 0.6987678695477313,
  "recall_major": 0.8721528668140485,
  "f1_macro": 0.0,
  "soft_recall_overall": 0.8016226538307143,
  "soft_precision_overall": 0.6169090067082831,
  "soft_f1": 0.6972396159866585,
  "ci_recall": {
    "lo": 0.6969610091743119,
    "hi": 0.7525471921649158,
    "n_bootstrap": 1000
  },
  "ci_precision": {
    "lo": 0.6526679841897233,
    "hi": 0.6936975086456348,
    "n_bootstrap": 1000
  },
  "bootstrap_n": 1000,
  "per_category": {
    "missing_experiment": {
      "recall": 0.9115824130607311,
      "precision": 0.7221208926859386,
      "f1_micro": 0.8058656716439212,
      "f1_macro": 0.0,
      "aucpr": 0.0,
      "brier_score": null,
      "n_human_concerns": 2070,
      "n_matched": 1746,
      "ci_recall": null,
      "ci_precision": null
    },
    "writing_clarity": {
      "recall": 0.8042580646279907,
      "precision": 0.8426856539840519,
      "f1_micro": 0.8230235502329698,
      "f1_macro": 0.0,
      "aucpr": 0.0,
      "brier_score": null,
      "n_human_concerns": 4806,
      "n_matched": 3043,
      "ci_recall": null,
      "ci_precision": null
    },
    "interpretation": {
      "recall": 0.8868712716843559,
      "precision": 0.7720401242430615,
      "f1_micro": 0.8254813469359636,
      "f1_macro": 0.0,
      "aucpr": 0.0,
      "brier_score": null,
      "n_human_concerns": 2157,
      "n_matched": 1711,
      "ci_recall": null,
      "ci_precision": null
    },
    "prior_art_novelty": {
      "recall": 0.7954501638712165,
      "precision": 0.7653543712248165,
      "f1_micro": 0.7801121105441611,
      "f1_macro": 0.0,
      "aucpr": 0.0,
      "brier_score": null,
      "n_human_concerns": 1049,
      "n_matched": 744,
      "ci_recall": null,
      "ci_precision": null
    },
    "reagent_method_specificity": {
      "recall": 0.7386904761904762,
      "precision": 0.7885196029169244,
      "f1_micro": 0.7627921383345793,
      "f1_macro": 0.0,
      "aucpr": 0.0,
      "brier_score": null,
      "n_human_concerns": 974,
      "n_matched": 611,
      "ci_recall": null,
      "ci_precision": null
    },
    "design_flaw": {
      "recall": 0.8909970644013196,
      "precision": 0.7980215365649082,
      "f1_micro": 0.8419502852148646,
      "f1_macro": 0.0,
      "aucpr": 0.0,
      "brier_score": null,
      "n_human_concerns": 1362,
      "n_matched": 1091,
      "ci_recall": null,
      "ci_precision": null
    },
    "statistical_methodology": {
      "recall": 0.8726029636086293,
      "precision": 0.8466238278561226,
      "f1_micro": 0.8594171111299611,
      "f1_macro": 0.0,
      "aucpr": 0.0,
      "brier_score": null,
      "n_human_concerns": 730,
      "n_matched": 582,
      "ci_recall": null,
      "ci_precision": null
    },
    "other": {
      "recall": 0.7419354838709677,
      "precision": 0.7035330261136713,
      "f1_micro": 0.7222241267011759,
      "f1_macro": 0.0,
      "aucpr": 0.0,
      "brier_score": null,
      "n_human_concerns": 38,
      "n_matched": 28,
      "ci_recall": null,
      "ci_precision": null
    }
  },
  "per_stance": {},
  "matching_stats": {
    "n_tool_concerns": 14165,
    "n_human_concerns": 13186,
    "n_matched_pairs": 9556,
    "threshold": 0.65,
    "algorithm": "hungarian"
  },
  "n_articles": 944,
  "n_human_concerns": 13186,
  "n_tool_concerns": 14165,
  "excluded_figure_concerns": 684,
  "dedup_gt": false,
  "notes": ""
}