{
  "tool_name": "Llama-3.3-70B",
  "tool_version": "llama-3.3-70b-versatile",
  "git_hash": "",
  "benchmark_version": "1.0",
  "extraction_manifest_id": "em-v1.0",
  "split": "test",
  "run_date": "2026-03-15T04:42:03.890919Z",
  "recall_overall": 0.5472861547286155,
  "precision_overall": 0.798932384341637,
  "f1_micro": 0.6495893791753543,
  "recall_major": 0.7508171358302403,
  "f1_macro": 0.0,
  "soft_recall_overall": 0.6747069759970727,
  "soft_precision_overall": 0.7224011246418598,
  "soft_f1": 0.6977399644896329,
  "ci_recall": {
    "lo": 0.523881209798823,
    "hi": 0.574023199023199,
    "n_bootstrap": 1000
  },
  "ci_precision": {
    "lo": 0.7812993576919027,
    "hi": 0.8169161519941379,
    "n_bootstrap": 1000
  },
  "bootstrap_n": 1000,
  "per_category": {
    "statistical_methodology": {
      "recall": 0.6336691907256423,
      "precision": 0.748181216931217,
      "f1_micro": 0.6861804774553552,
      "f1_macro": 0.0,
      "aucpr": 0.0,
      "brier_score": null,
      "n_human_concerns": 764,
      "n_matched": 410,
      "ci_recall": null,
      "ci_precision": null
    },
    "prior_art_novelty": {
      "recall": 0.6544083280220947,
      "precision": 0.7302710249172965,
      "f1_micro": 0.6902615243083319,
      "f1_macro": 0.0,
      "aucpr": 0.0,
      "brier_score": null,
      "n_human_concerns": 1113,
      "n_matched": 617,
      "ci_recall": null,
      "ci_precision": null
    },
    "writing_clarity": {
      "recall": 0.6271030952824895,
      "precision": 0.8895149238660689,
      "f1_micro": 0.7356071931276974,
      "f1_macro": 0.0,
      "aucpr": 0.0,
      "brier_score": null,
      "n_human_concerns": 5172,
      "n_matched": 2252,
      "ci_recall": null,
      "ci_precision": null
    },
    "reagent_method_specificity": {
      "recall": 0.5812914251473573,
      "precision": 0.7055109967715899,
      "f1_micro": 0.6374055345014292,
      "f1_macro": 0.0,
      "aucpr": 0.0,
      "brier_score": null,
      "n_human_concerns": 1042,
      "n_matched": 507,
      "ci_recall": null,
      "ci_precision": null
    },
    "interpretation": {
      "recall": 0.7556900100280564,
      "precision": 0.8274870445178928,
      "f1_micro": 0.7899605305347913,
      "f1_macro": 0.0,
      "aucpr": 0.0,
      "brier_score": null,
      "n_human_concerns": 2240,
      "n_matched": 1433,
      "ci_recall": null,
      "ci_precision": null
    },
    "design_flaw": {
      "recall": 0.7486049010110043,
      "precision": 0.8016630648086048,
      "f1_micro": 0.7742260209291529,
      "f1_macro": 0.0,
      "aucpr": 0.0,
      "brier_score": null,
      "n_human_concerns": 1431,
      "n_matched": 922,
      "ci_recall": null,
      "ci_precision": null
    },
    "missing_experiment": {
      "recall": 0.7783311371268496,
      "precision": 0.776506735523129,
      "f1_micro": 0.7774178659750609,
      "f1_macro": 0.0,
      "aucpr": 0.0,
      "brier_score": null,
      "n_human_concerns": 2146,
      "n_matched": 1467,
      "ci_recall": null,
      "ci_precision": null
    },
    "other": {
      "recall": 0.640625,
      "precision": 0.5766369047619048,
      "f1_micro": 0.6069491136919316,
      "f1_macro": 0.0,
      "aucpr": 0.0,
      "brier_score": null,
      "n_human_concerns": 39,
      "n_matched": 25,
      "ci_recall": null,
      "ci_precision": null
    }
  },
  "per_stance": {},
  "matching_stats": {
    "n_tool_concerns": 9554,
    "n_human_concerns": 13947,
    "n_matched_pairs": 7633,
    "threshold": 0.65,
    "algorithm": "hungarian"
  },
  "n_articles": 981,
  "n_human_concerns": 13947,
  "n_tool_concerns": 9554,
  "excluded_figure_concerns": 736,
  "dedup_gt": false,
  "notes": ""
}