{
  "tool_name": "Llama-3.3-70B",
  "tool_version": "llama-3.3-70b",
  "git_hash": "",
  "benchmark_version": "1.0",
  "extraction_manifest_id": "em-v1.0",
  "split": "test",
  "run_date": "2026-03-18T11:04:26.645962Z",
  "recall_overall": 0.5540725011375701,
  "precision_overall": 0.7938715636205586,
  "f1_micro": 0.6526419223725937,
  "recall_major": 0.7533396117843122,
  "f1_macro": 0.0,
  "soft_recall_overall": 0.6807163037733981,
  "soft_precision_overall": 0.7183884406820373,
  "soft_f1": 0.6990451943681302,
  "ci_recall": {
    "lo": 0.5298230281844003,
    "hi": 0.5796393984725612,
    "n_bootstrap": 1000
  },
  "ci_precision": {
    "lo": 0.7743975575182641,
    "hi": 0.8108487005284158,
    "n_bootstrap": 1000
  },
  "bootstrap_n": 1000,
  "per_category": {
    "missing_experiment": {
      "recall": 0.7845596912942512,
      "precision": 0.7745332999603697,
      "f1_micro": 0.779514256202291,
      "f1_macro": 0.0,
      "aucpr": 0.0,
      "brier_score": null,
      "n_human_concerns": 2070,
      "n_matched": 1425,
      "ci_recall": null,
      "ci_precision": null
    },
    "writing_clarity": {
      "recall": 0.634063125760924,
      "precision": 0.8869497954945218,
      "f1_micro": 0.7394837372717096,
      "f1_macro": 0.0,
      "aucpr": 0.0,
      "brier_score": null,
      "n_human_concerns": 4806,
      "n_matched": 2132,
      "ci_recall": null,
      "ci_precision": null
    },
    "interpretation": {
      "recall": 0.7604456575417857,
      "precision": 0.8306207218089727,
      "f1_micro": 0.7939856302181448,
      "f1_macro": 0.0,
      "aucpr": 0.0,
      "brier_score": null,
      "n_human_concerns": 2157,
      "n_matched": 1388,
      "ci_recall": null,
      "ci_precision": null
    },
    "prior_art_novelty": {
      "recall": 0.6582096266306793,
      "precision": 0.7297635113424588,
      "f1_micro": 0.6921421678676745,
      "f1_macro": 0.0,
      "aucpr": 0.0,
      "brier_score": null,
      "n_human_concerns": 1049,
      "n_matched": 586,
      "ci_recall": null,
      "ci_precision": null
    },
    "reagent_method_specificity": {
      "recall": 0.5864326459750567,
      "precision": 0.7053598001700679,
      "f1_micro": 0.6404217879002827,
      "f1_macro": 0.0,
      "aucpr": 0.0,
      "brier_score": null,
      "n_human_concerns": 974,
      "n_matched": 479,
      "ci_recall": null,
      "ci_precision": null
    },
    "design_flaw": {
      "recall": 0.7511323487387317,
      "precision": 0.8018211103317486,
      "f1_micro": 0.7756494830595564,
      "f1_macro": 0.0,
      "aucpr": 0.0,
      "brier_score": null,
      "n_human_concerns": 1362,
      "n_matched": 877,
      "ci_recall": null,
      "ci_precision": null
    },
    "statistical_methodology": {
      "recall": 0.6323652661471358,
      "precision": 0.7459586761994694,
      "f1_micro": 0.6844811184322013,
      "f1_macro": 0.0,
      "aucpr": 0.0,
      "brier_score": null,
      "n_human_concerns": 730,
      "n_matched": 394,
      "ci_recall": null,
      "ci_precision": null
    },
    "other": {
      "recall": 0.6612903225806451,
      "precision": 0.5952380952380952,
      "f1_micro": 0.6265281173594132,
      "f1_macro": 0.0,
      "aucpr": 0.0,
      "brier_score": null,
      "n_human_concerns": 38,
      "n_matched": 25,
      "ci_recall": null,
      "ci_precision": null
    }
  },
  "per_stance": {},
  "matching_stats": {
    "n_tool_concerns": 9203,
    "n_human_concerns": 13186,
    "n_matched_pairs": 7306,
    "threshold": 0.65,
    "algorithm": "hungarian"
  },
  "n_articles": 944,
  "n_human_concerns": 13186,
  "n_tool_concerns": 9203,
  "excluded_figure_concerns": 684,
  "dedup_gt": false,
  "notes": ""
}