{
  "tool_name": "Llama-3.3-70B",
  "tool_version": "llama-3.3-70b",
  "git_hash": "",
  "benchmark_version": "1.0",
  "extraction_manifest_id": "em-v1.0",
  "split": "test",
  "run_date": "2026-03-17T06:02:06.981816Z",
  "recall_overall": 0.5470116095743156,
  "precision_overall": 0.798932384341637,
  "f1_micro": 0.6493959503147864,
  "recall_major": 0.750052556262185,
  "f1_macro": 0.0,
  "soft_recall_overall": 0.6740199017752554,
  "soft_precision_overall": 0.7216654820343924,
  "soft_f1": 0.6970294350832781,
  "ci_recall": {
    "lo": 0.5255282299965361,
    "hi": 0.5704708097928437,
    "n_bootstrap": 1000
  },
  "ci_precision": {
    "lo": 0.780020920502092,
    "hi": 0.8151777337642031,
    "n_bootstrap": 1000
  },
  "bootstrap_n": 1000,
  "per_category": {
    "prior_art_novelty": {
      "recall": 0.6544083280220947,
      "precision": 0.7302710249172965,
      "f1_micro": 0.6902615243083319,
      "f1_macro": 0.0,
      "aucpr": 0.0,
      "brier_score": null,
      "n_human_concerns": 1113,
      "n_matched": 617,
      "ci_recall": null,
      "ci_precision": null
    },
    "missing_experiment": {
      "recall": 0.7783311371268496,
      "precision": 0.776506735523129,
      "f1_micro": 0.7774178659750609,
      "f1_macro": 0.0,
      "aucpr": 0.0,
      "brier_score": null,
      "n_human_concerns": 2146,
      "n_matched": 1467,
      "ci_recall": null,
      "ci_precision": null
    },
    "writing_clarity": {
      "recall": 0.6263062679695511,
      "precision": 0.888384663479962,
      "f1_micro": 0.7346724952965313,
      "f1_macro": 0.0,
      "aucpr": 0.0,
      "brier_score": null,
      "n_human_concerns": 5173,
      "n_matched": 2252,
      "ci_recall": null,
      "ci_precision": null
    },
    "design_flaw": {
      "recall": 0.7486049010110043,
      "precision": 0.8016630648086048,
      "f1_micro": 0.7742260209291529,
      "f1_macro": 0.0,
      "aucpr": 0.0,
      "brier_score": null,
      "n_human_concerns": 1431,
      "n_matched": 922,
      "ci_recall": null,
      "ci_precision": null
    },
    "reagent_method_specificity": {
      "recall": 0.5800624792168132,
      "precision": 0.7040194301822208,
      "f1_micro": 0.6360579540902211,
      "f1_macro": 0.0,
      "aucpr": 0.0,
      "brier_score": null,
      "n_human_concerns": 1044,
      "n_matched": 507,
      "ci_recall": null,
      "ci_precision": null
    },
    "interpretation": {
      "recall": 0.7547199329933605,
      "precision": 0.8264248018420033,
      "f1_micro": 0.7889464605341048,
      "f1_macro": 0.0,
      "aucpr": 0.0,
      "brier_score": null,
      "n_human_concerns": 2241,
      "n_matched": 1433,
      "ci_recall": null,
      "ci_precision": null
    },
    "statistical_methodology": {
      "recall": 0.6319703457102921,
      "precision": 0.7461753691646453,
      "f1_micro": 0.6843408515104348,
      "f1_macro": 0.0,
      "aucpr": 0.0,
      "brier_score": null,
      "n_human_concerns": 767,
      "n_matched": 410,
      "ci_recall": null,
      "ci_precision": null
    },
    "other": {
      "recall": 0.640625,
      "precision": 0.5766369047619048,
      "f1_micro": 0.6069491136919316,
      "f1_macro": 0.0,
      "aucpr": 0.0,
      "brier_score": null,
      "n_human_concerns": 39,
      "n_matched": 25,
      "ci_recall": null,
      "ci_precision": null
    }
  },
  "per_stance": {},
  "matching_stats": {
    "n_tool_concerns": 9554,
    "n_human_concerns": 13954,
    "n_matched_pairs": 7633,
    "threshold": 0.65,
    "algorithm": "hungarian"
  },
  "n_articles": 982,
  "n_human_concerns": 13954,
  "n_tool_concerns": 9554,
  "excluded_figure_concerns": 736,
  "dedup_gt": false,
  "notes": ""
}