{
  "tool_name": "Llama-3.3-70B",
  "tool_version": "llama-3.3-70b-versatile",
  "git_hash": "",
  "benchmark_version": "1.0",
  "extraction_manifest_id": "em-v1.0",
  "split": "test",
  "run_date": "2026-03-18T00:57:13.004535Z",
  "recall_overall": 0.46448129579637487,
  "precision_overall": 0.8502047155160243,
  "f1_micro": 0.6007581803671189,
  "recall_major": 0.5481751810286375,
  "f1_macro": 0.0,
  "soft_recall_overall": 0.4901480346616517,
  "soft_precision_overall": 0.5934405530695022,
  "soft_f1": 0.5368711410750073,
  "ci_recall": {
    "lo": 0.44233438024979915,
    "hi": 0.4861650862739002,
    "n_bootstrap": 1000
  },
  "ci_precision": {
    "lo": 0.8319666435024322,
    "hi": 0.8683403068340306,
    "n_bootstrap": 1000
  },
  "bootstrap_n": 1000,
  "per_category": {
    "writing_clarity": {
      "recall": 0.5193685314654457,
      "precision": 0.7758489722966935,
      "f1_micro": 0.6222144778159348,
      "f1_macro": 0.0,
      "aucpr": 0.0,
      "brier_score": null,
      "n_human_concerns": 4732,
      "n_matched": 1933,
      "ci_recall": null,
      "ci_precision": null
    },
    "missing_experiment": {
      "recall": 0.5656689702506436,
      "precision": 0.619895550074833,
      "f1_micro": 0.5915421243839525,
      "f1_macro": 0.0,
      "aucpr": 0.0,
      "brier_score": null,
      "n_human_concerns": 2019,
      "n_matched": 1032,
      "ci_recall": null,
      "ci_precision": null
    },
    "prior_art_novelty": {
      "recall": 0.5421463632307005,
      "precision": 0.6341540766239562,
      "f1_micro": 0.5845518963030928,
      "f1_macro": 0.0,
      "aucpr": 0.0,
      "brier_score": null,
      "n_human_concerns": 1044,
      "n_matched": 519,
      "ci_recall": null,
      "ci_precision": null
    },
    "interpretation": {
      "recall": 0.56299826800508,
      "precision": 0.678211906924441,
      "f1_micro": 0.6152578131428292,
      "f1_macro": 0.0,
      "aucpr": 0.0,
      "brier_score": null,
      "n_human_concerns": 2066,
      "n_matched": 1061,
      "ci_recall": null,
      "ci_precision": null
    },
    "design_flaw": {
      "recall": 0.5799420688007645,
      "precision": 0.6620434517173648,
      "f1_micro": 0.6182791066111517,
      "f1_macro": 0.0,
      "aucpr": 0.0,
      "brier_score": null,
      "n_human_concerns": 1351,
      "n_matched": 698,
      "ci_recall": null,
      "ci_precision": null
    },
    "reagent_method_specificity": {
      "recall": 0.4960768197405168,
      "precision": 0.6183211369180188,
      "f1_micro": 0.5504941593761707,
      "f1_macro": 0.0,
      "aucpr": 0.0,
      "brier_score": null,
      "n_human_concerns": 965,
      "n_matched": 428,
      "ci_recall": null,
      "ci_precision": null
    },
    "statistical_methodology": {
      "recall": 0.5028709774508094,
      "precision": 0.6171524165221645,
      "f1_micro": 0.5541813512158096,
      "f1_macro": 0.0,
      "aucpr": 0.0,
      "brier_score": null,
      "n_human_concerns": 750,
      "n_matched": 328,
      "ci_recall": null,
      "ci_precision": null
    },
    "other": {
      "recall": 0.578125,
      "precision": 0.5297619047619048,
      "f1_micro": 0.5528878441907321,
      "f1_macro": 0.0,
      "aucpr": 0.0,
      "brier_score": null,
      "n_human_concerns": 38,
      "n_matched": 23,
      "ci_recall": null,
      "ci_precision": null
    }
  },
  "per_stance": {},
  "matching_stats": {
    "n_tool_concerns": 7083,
    "n_human_concerns": 12965,
    "n_matched_pairs": 6022,
    "threshold": 0.65,
    "algorithm": "hungarian"
  },
  "n_articles": 940,
  "n_human_concerns": 12965,
  "n_tool_concerns": 7083,
  "excluded_figure_concerns": 654,
  "dedup_gt": false,
  "notes": ""
}