{
  "tool_name": "Gemini-2.5-Flash",
  "tool_version": "gemini-2.5-flash",
  "git_hash": "",
  "benchmark_version": "1.0",
  "extraction_manifest_id": "em-v1.0",
  "split": "test",
  "run_date": "2026-03-30T04:20:05.934808Z",
  "recall_overall": 0.7375609756097561,
  "precision_overall": 0.703337597395046,
  "f1_micro": 0.7200428596940294,
  "recall_major": 0.8801058286340709,
  "f1_macro": 0.0,
  "soft_recall_overall": 0.7955272279319738,
  "soft_precision_overall": 0.6398800201510627,
  "soft_f1": 0.709264885376116,
  "ci_recall": {
    "lo": 0.7103274559193955,
    "hi": 0.7683865270594172,
    "n_bootstrap": 1000
  },
  "ci_precision": {
    "lo": 0.6787083284934371,
    "hi": 0.7296001870469956,
    "n_bootstrap": 1000
  },
  "bootstrap_n": 1000,
  "per_category": {
    "statistical_methodology": {
      "recall": 0.7865429234338747,
      "precision": 0.6904276985743381,
      "f1_micro": 0.735357917570499,
      "f1_macro": 0.0,
      "aucpr": 0.0,
      "brier_score": null,
      "n_human_concerns": 431,
      "n_matched": 339,
      "ci_recall": null,
      "ci_precision": null
    },
    "writing_clarity": {
      "recall": 0.6357069143446853,
      "precision": 0.7944969905417025,
      "f1_micro": 0.7062870246512517,
      "f1_macro": 0.0,
      "aucpr": 0.0,
      "brier_score": null,
      "n_human_concerns": 2907,
      "n_matched": 1848,
      "ci_recall": null,
      "ci_precision": null
    },
    "design_flaw": {
      "recall": 0.8370720188902007,
      "precision": 0.7242083758937692,
      "f1_micro": 0.7765607886089814,
      "f1_macro": 0.0,
      "aucpr": 0.0,
      "brier_score": null,
      "n_human_concerns": 847,
      "n_matched": 709,
      "ci_recall": null,
      "ci_precision": null
    },
    "prior_art_novelty": {
      "recall": 0.7372611464968153,
      "precision": 0.6951951951951952,
      "f1_micro": 0.7156105100463679,
      "f1_macro": 0.0,
      "aucpr": 0.0,
      "brier_score": null,
      "n_human_concerns": 628,
      "n_matched": 463,
      "ci_recall": null,
      "ci_precision": null
    },
    "interpretation": {
      "recall": 0.828996282527881,
      "precision": 0.652046783625731,
      "f1_micro": 0.7299509001636661,
      "f1_macro": 0.0,
      "aucpr": 0.0,
      "brier_score": null,
      "n_human_concerns": 1345,
      "n_matched": 1115,
      "ci_recall": null,
      "ci_precision": null
    },
    "reagent_method_specificity": {
      "recall": 0.637239165329053,
      "precision": 0.7845849802371542,
      "f1_micro": 0.7032772364924713,
      "f1_macro": 0.0,
      "aucpr": 0.0,
      "brier_score": null,
      "n_human_concerns": 623,
      "n_matched": 397,
      "ci_recall": null,
      "ci_precision": null
    },
    "missing_experiment": {
      "recall": 0.832732516222062,
      "precision": 0.6236501079913607,
      "f1_micro": 0.7131830811979005,
      "f1_macro": 0.0,
      "aucpr": 0.0,
      "brier_score": null,
      "n_human_concerns": 1387,
      "n_matched": 1155,
      "ci_recall": null,
      "ci_precision": null
    },
    "other": {
      "recall": 0.6875,
      "precision": 0.4074074074074074,
      "f1_micro": 0.5116279069767441,
      "f1_macro": 0.0,
      "aucpr": 0.0,
      "brier_score": null,
      "n_human_concerns": 32,
      "n_matched": 22,
      "ci_recall": null,
      "ci_precision": null
    }
  },
  "per_stance": {},
  "matching_stats": {
    "n_tool_concerns": 8599,
    "n_human_concerns": 8200,
    "n_matched_pairs": 6048,
    "threshold": 0.65,
    "algorithm": "hungarian"
  },
  "n_articles": 600,
  "n_human_concerns": 8200,
  "n_tool_concerns": 8599,
  "excluded_figure_concerns": 447,
  "dedup_gt": false,
  "notes": ""
}