{
  "tool_name": "GPT-4o-mini",
  "tool_version": "gpt-4o-mini",
  "git_hash": "",
  "benchmark_version": "1.0",
  "extraction_manifest_id": "em-v1.0",
  "split": "test",
  "run_date": "2026-03-30T04:16:47.267568Z",
  "recall_overall": 0.7170731707317073,
  "precision_overall": 0.7213838792786161,
  "f1_micro": 0.7192220659286893,
  "recall_major": 0.8556735304801801,
  "f1_macro": 0.0,
  "soft_recall_overall": 0.7857579514341947,
  "soft_precision_overall": 0.6615834440634983,
  "soft_f1": 0.7183439281529791,
  "ci_recall": {
    "lo": 0.6906293063849334,
    "hi": 0.7476134431803322,
    "n_bootstrap": 1000
  },
  "ci_precision": {
    "lo": 0.6976915520628684,
    "hi": 0.7465290576237867,
    "n_bootstrap": 1000
  },
  "bootstrap_n": 1000,
  "per_category": {
    "statistical_methodology": {
      "recall": 0.7842227378190255,
      "precision": 0.7412280701754386,
      "f1_micro": 0.7621195039458851,
      "f1_macro": 0.0,
      "aucpr": 0.0,
      "brier_score": null,
      "n_human_concerns": 431,
      "n_matched": 338,
      "ci_recall": null,
      "ci_precision": null
    },
    "writing_clarity": {
      "recall": 0.6388028895768834,
      "precision": 0.7949486301369864,
      "f1_micro": 0.7083730688537098,
      "f1_macro": 0.0,
      "aucpr": 0.0,
      "brier_score": null,
      "n_human_concerns": 2907,
      "n_matched": 1857,
      "ci_recall": null,
      "ci_precision": null
    },
    "design_flaw": {
      "recall": 0.7284533648170012,
      "precision": 0.7496962332928311,
      "f1_micro": 0.7389221556886227,
      "f1_macro": 0.0,
      "aucpr": 0.0,
      "brier_score": null,
      "n_human_concerns": 847,
      "n_matched": 617,
      "ci_recall": null,
      "ci_precision": null
    },
    "prior_art_novelty": {
      "recall": 0.75,
      "precision": 0.6816208393632417,
      "f1_micro": 0.714177407126611,
      "f1_macro": 0.0,
      "aucpr": 0.0,
      "brier_score": null,
      "n_human_concerns": 628,
      "n_matched": 471,
      "ci_recall": null,
      "ci_precision": null
    },
    "interpretation": {
      "recall": 0.7955390334572491,
      "precision": 0.6912144702842378,
      "f1_micro": 0.7397165572070514,
      "f1_macro": 0.0,
      "aucpr": 0.0,
      "brier_score": null,
      "n_human_concerns": 1345,
      "n_matched": 1070,
      "ci_recall": null,
      "ci_precision": null
    },
    "reagent_method_specificity": {
      "recall": 0.651685393258427,
      "precision": 0.7368421052631579,
      "f1_micro": 0.6916524701873935,
      "f1_macro": 0.0,
      "aucpr": 0.0,
      "brier_score": null,
      "n_human_concerns": 623,
      "n_matched": 406,
      "ci_recall": null,
      "ci_precision": null
    },
    "missing_experiment": {
      "recall": 0.7923576063446287,
      "precision": 0.6533888228299644,
      "f1_micro": 0.716194200065168,
      "f1_macro": 0.0,
      "aucpr": 0.0,
      "brier_score": null,
      "n_human_concerns": 1387,
      "n_matched": 1099,
      "ci_recall": null,
      "ci_precision": null
    },
    "other": {
      "recall": 0.6875,
      "precision": 0.44,
      "f1_micro": 0.5365853658536586,
      "f1_macro": 0.0,
      "aucpr": 0.0,
      "brier_score": null,
      "n_human_concerns": 32,
      "n_matched": 22,
      "ci_recall": null,
      "ci_precision": null
    }
  },
  "per_stance": {},
  "matching_stats": {
    "n_tool_concerns": 8151,
    "n_human_concerns": 8200,
    "n_matched_pairs": 5880,
    "threshold": 0.65,
    "algorithm": "hungarian"
  },
  "n_articles": 600,
  "n_human_concerns": 8200,
  "n_tool_concerns": 8151,
  "excluded_figure_concerns": 447,
  "dedup_gt": false,
  "notes": ""
}