{
  "tool_name": "Haiku-4.5",
  "tool_version": "claude-haiku-4-5-20251001",
  "git_hash": "",
  "benchmark_version": "1.0",
  "extraction_manifest_id": "em-v1.0",
  "split": "test",
  "run_date": "2026-03-30T04:17:58.134941Z",
  "recall_overall": 0.7591463414634146,
  "precision_overall": 0.6916666666666667,
  "f1_micro": 0.7238372093023255,
  "recall_major": 0.8928436958797425,
  "f1_macro": 0.0,
  "soft_recall_overall": 0.8098446012577287,
  "soft_precision_overall": 0.6313961438177715,
  "soft_f1": 0.7095729982279737,
  "ci_recall": {
    "lo": 0.7318016645176415,
    "hi": 0.7900743780456527,
    "n_bootstrap": 1000
  },
  "ci_precision": {
    "lo": 0.6674074897210801,
    "hi": 0.7176300898701875,
    "n_bootstrap": 1000
  },
  "bootstrap_n": 1000,
  "per_category": {
    "statistical_methodology": {
      "recall": 0.8491879350348028,
      "precision": 0.6815642458100558,
      "f1_micro": 0.7561983471074379,
      "f1_macro": 0.0,
      "aucpr": 0.0,
      "brier_score": null,
      "n_human_concerns": 431,
      "n_matched": 366,
      "ci_recall": null,
      "ci_precision": null
    },
    "writing_clarity": {
      "recall": 0.6504987960096319,
      "precision": 0.7992392223161454,
      "f1_micro": 0.7172387635122321,
      "f1_macro": 0.0,
      "aucpr": 0.0,
      "brier_score": null,
      "n_human_concerns": 2907,
      "n_matched": 1891,
      "ci_recall": null,
      "ci_precision": null
    },
    "design_flaw": {
      "recall": 0.8524203069657615,
      "precision": 0.7198404785643071,
      "f1_micro": 0.7805405405405406,
      "f1_macro": 0.0,
      "aucpr": 0.0,
      "brier_score": null,
      "n_human_concerns": 847,
      "n_matched": 722,
      "ci_recall": null,
      "ci_precision": null
    },
    "prior_art_novelty": {
      "recall": 0.732484076433121,
      "precision": 0.6715328467153284,
      "f1_micro": 0.7006854531607006,
      "f1_macro": 0.0,
      "aucpr": 0.0,
      "brier_score": null,
      "n_human_concerns": 628,
      "n_matched": 460,
      "ci_recall": null,
      "ci_precision": null
    },
    "interpretation": {
      "recall": 0.8602230483271376,
      "precision": 0.6413525498891353,
      "f1_micro": 0.7348364560177835,
      "f1_macro": 0.0,
      "aucpr": 0.0,
      "brier_score": null,
      "n_human_concerns": 1345,
      "n_matched": 1157,
      "ci_recall": null,
      "ci_precision": null
    },
    "reagent_method_specificity": {
      "recall": 0.680577849117175,
      "precision": 0.7822878228782287,
      "f1_micro": 0.7278969957081547,
      "f1_macro": 0.0,
      "aucpr": 0.0,
      "brier_score": null,
      "n_human_concerns": 623,
      "n_matched": 424,
      "ci_recall": null,
      "ci_precision": null
    },
    "missing_experiment": {
      "recall": 0.8543619322278299,
      "precision": 0.5930930930930931,
      "f1_micro": 0.7001477104874446,
      "f1_macro": 0.0,
      "aucpr": 0.0,
      "brier_score": null,
      "n_human_concerns": 1387,
      "n_matched": 1185,
      "ci_recall": null,
      "ci_precision": null
    },
    "other": {
      "recall": 0.625,
      "precision": 0.4,
      "f1_micro": 0.48780487804878053,
      "f1_macro": 0.0,
      "aucpr": 0.0,
      "brier_score": null,
      "n_human_concerns": 32,
      "n_matched": 20,
      "ci_recall": null,
      "ci_precision": null
    }
  },
  "per_stance": {},
  "matching_stats": {
    "n_tool_concerns": 9000,
    "n_human_concerns": 8200,
    "n_matched_pairs": 6225,
    "threshold": 0.65,
    "algorithm": "hungarian"
  },
  "n_articles": 600,
  "n_human_concerns": 8200,
  "n_tool_concerns": 9000,
  "excluded_figure_concerns": 447,
  "dedup_gt": false,
  "notes": ""
}