{
  "tool_name": "Llama-3.3-70B",
  "tool_version": "llama-3.3-70b",
  "git_hash": "",
  "benchmark_version": "1.0",
  "extraction_manifest_id": "em-v1.0",
  "split": "test",
  "run_date": "2026-03-30T04:20:05.688164Z",
  "recall_overall": 0.6141463414634146,
  "precision_overall": 0.7852799002027132,
  "f1_micro": 0.6892492985697666,
  "recall_major": 0.8016035648486504,
  "f1_macro": 0.0,
  "soft_recall_overall": 0.7118454391072689,
  "soft_precision_overall": 0.7174718846501161,
  "soft_f1": 0.714647587749484,
  "ci_recall": {
    "lo": 0.5891019644527596,
    "hi": 0.6432703432317779,
    "n_bootstrap": 1000
  },
  "ci_precision": {
    "lo": 0.7637525323359825,
    "hi": 0.808487486398259,
    "n_bootstrap": 1000
  },
  "bootstrap_n": 1000,
  "per_category": {
    "statistical_methodology": {
      "recall": 0.6380510440835266,
      "precision": 0.792507204610951,
      "f1_micro": 0.7069408740359897,
      "f1_macro": 0.0,
      "aucpr": 0.0,
      "brier_score": null,
      "n_human_concerns": 431,
      "n_matched": 275,
      "ci_recall": null,
      "ci_precision": null
    },
    "writing_clarity": {
      "recall": 0.5063639490884073,
      "precision": 0.8523451071221771,
      "f1_micro": 0.6353042727665085,
      "f1_macro": 0.0,
      "aucpr": 0.0,
      "brier_score": null,
      "n_human_concerns": 2907,
      "n_matched": 1472,
      "ci_recall": null,
      "ci_precision": null
    },
    "design_flaw": {
      "recall": 0.6906729634002361,
      "precision": 0.8013698630136986,
      "f1_micro": 0.7419150285351934,
      "f1_macro": 0.0,
      "aucpr": 0.0,
      "brier_score": null,
      "n_human_concerns": 847,
      "n_matched": 585,
      "ci_recall": null,
      "ci_precision": null
    },
    "prior_art_novelty": {
      "recall": 0.6178343949044586,
      "precision": 0.782258064516129,
      "f1_micro": 0.690391459074733,
      "f1_macro": 0.0,
      "aucpr": 0.0,
      "brier_score": null,
      "n_human_concerns": 628,
      "n_matched": 388,
      "ci_recall": null,
      "ci_precision": null
    },
    "interpretation": {
      "recall": 0.6966542750929368,
      "precision": 0.7520064205457464,
      "f1_micro": 0.72327286761868,
      "f1_macro": 0.0,
      "aucpr": 0.0,
      "brier_score": null,
      "n_human_concerns": 1345,
      "n_matched": 937,
      "ci_recall": null,
      "ci_precision": null
    },
    "reagent_method_specificity": {
      "recall": 0.5441412520064205,
      "precision": 0.8517587939698492,
      "f1_micro": 0.6640548481880509,
      "f1_macro": 0.0,
      "aucpr": 0.0,
      "brier_score": null,
      "n_human_concerns": 623,
      "n_matched": 339,
      "ci_recall": null,
      "ci_precision": null
    },
    "missing_experiment": {
      "recall": 0.7375630857966835,
      "precision": 0.7199155524278676,
      "f1_micro": 0.7286324786324786,
      "f1_macro": 0.0,
      "aucpr": 0.0,
      "brier_score": null,
      "n_human_concerns": 1387,
      "n_matched": 1023,
      "ci_recall": null,
      "ci_precision": null
    },
    "other": {
      "recall": 0.53125,
      "precision": 0.4473684210526316,
      "f1_micro": 0.4857142857142857,
      "f1_macro": 0.0,
      "aucpr": 0.0,
      "brier_score": null,
      "n_human_concerns": 32,
      "n_matched": 17,
      "ci_recall": null,
      "ci_precision": null
    }
  },
  "per_stance": {},
  "matching_stats": {
    "n_tool_concerns": 6413,
    "n_human_concerns": 8200,
    "n_matched_pairs": 5036,
    "threshold": 0.65,
    "algorithm": "hungarian"
  },
  "n_articles": 600,
  "n_human_concerns": 8200,
  "n_tool_concerns": 6413,
  "excluded_figure_concerns": 447,
  "dedup_gt": false,
  "notes": ""
}