{
  "tool_name": "BM25",
  "tool_version": "lexical-v1",
  "git_hash": "",
  "benchmark_version": "1.0",
  "extraction_manifest_id": "em-v1.0",
  "split": "val",
  "run_date": "2026-03-12T19:51:52.666476Z",
  "recall_overall": 0.6339606859054788,
  "precision_overall": 0.7536793953858393,
  "f1_micro": 0.688655672163918,
  "recall_major": 0.782474659521369,
  "f1_macro": 0.0,
  "soft_recall_overall": 0.7322288195772028,
  "soft_precision_overall": 0.6890908881737395,
  "soft_f1": 0.7100052224383562,
  "ci_recall": null,
  "ci_precision": null,
  "bootstrap_n": 0,
  "per_category": {
    "design_flaw": {
      "recall": 0.7129263859753878,
      "precision": 0.7766521842746889,
      "f1_micro": 0.7434261554956286,
      "f1_macro": 0.0,
      "aucpr": 0.0,
      "brier_score": null,
      "n_human_concerns": 1311,
      "n_matched": 828,
      "ci_recall": null,
      "ci_precision": null
    },
    "prior_art_novelty": {
      "recall": 0.7318053375196233,
      "precision": 0.7616230594802024,
      "f1_micro": 0.746416528874538,
      "f1_macro": 0.0,
      "aucpr": 0.0,
      "brier_score": null,
      "n_human_concerns": 919,
      "n_matched": 594,
      "ci_recall": null,
      "ci_precision": null
    },
    "writing_clarity": {
      "recall": 0.7688000201106009,
      "precision": 0.8562477848662059,
      "f1_micro": 0.8101710143034122,
      "f1_macro": 0.0,
      "aucpr": 0.0,
      "brier_score": null,
      "n_human_concerns": 4386,
      "n_matched": 2625,
      "ci_recall": null,
      "ci_precision": null
    },
    "interpretation": {
      "recall": 0.790033095819446,
      "precision": 0.8233376045319665,
      "f1_micro": 0.8063416008128533,
      "f1_macro": 0.0,
      "aucpr": 0.0,
      "brier_score": null,
      "n_human_concerns": 1869,
      "n_matched": 1257,
      "ci_recall": null,
      "ci_precision": null
    },
    "reagent_method_specificity": {
      "recall": 0.672654599828513,
      "precision": 0.7632006747948776,
      "f1_micro": 0.7150726867339064,
      "f1_macro": 0.0,
      "aucpr": 0.0,
      "brier_score": null,
      "n_human_concerns": 866,
      "n_matched": 508,
      "ci_recall": null,
      "ci_precision": null
    },
    "statistical_methodology": {
      "recall": 0.7378865182436611,
      "precision": 0.7931895485466914,
      "f1_micro": 0.7645392505041638,
      "f1_macro": 0.0,
      "aucpr": 0.0,
      "brier_score": null,
      "n_human_concerns": 641,
      "n_matched": 413,
      "ci_recall": null,
      "ci_precision": null
    },
    "missing_experiment": {
      "recall": 0.7657375477781516,
      "precision": 0.7405282811256263,
      "f1_micro": 0.7529219599467268,
      "f1_macro": 0.0,
      "aucpr": 0.0,
      "brier_score": null,
      "n_human_concerns": 1924,
      "n_matched": 1327,
      "ci_recall": null,
      "ci_precision": null
    },
    "other": {
      "recall": 0.6428571428571429,
      "precision": 0.6023809523809524,
      "f1_micro": 0.6219612127833926,
      "f1_macro": 0.0,
      "aucpr": 0.0,
      "brier_score": null,
      "n_human_concerns": 39,
      "n_matched": 27,
      "ci_recall": null,
      "ci_precision": null
    }
  },
  "per_stance": {},
  "matching_stats": {
    "n_tool_concerns": 10056,
    "n_human_concerns": 11955,
    "n_matched_pairs": 7579,
    "threshold": 0.65,
    "algorithm": "hungarian"
  },
  "n_articles": 838,
  "n_human_concerns": 11955,
  "n_tool_concerns": 10056,
  "excluded_figure_concerns": 580,
  "dedup_gt": false,
  "notes": ""
}