{
  "tool_name": "Gemini-2.5-Flash-Lite",
  "tool_version": "gemini-2.5-flash-lite",
  "git_hash": "",
  "benchmark_version": "1.0",
  "extraction_manifest_id": "em-v1.0",
  "split": "val",
  "run_date": "2026-03-13T06:26:57.809114Z",
  "recall_overall": 0.6143036386449184,
  "precision_overall": 0.7296572280178838,
  "f1_micro": 0.6670299727520436,
  "recall_major": 0.777724842768264,
  "f1_macro": 0.0,
  "soft_recall_overall": 0.7098630027837445,
  "soft_precision_overall": 0.6310885471864057,
  "soft_f1": 0.6681619647453257,
  "ci_recall": null,
  "ci_precision": null,
  "bootstrap_n": 0,
  "per_category": {
    "design_flaw": {
      "recall": 0.780652519490995,
      "precision": 0.7780432010014587,
      "f1_micro": 0.7793456761948786,
      "f1_macro": 0.0,
      "aucpr": 0.0,
      "brier_score": null,
      "n_human_concerns": 1311,
      "n_matched": 947,
      "ci_recall": null,
      "ci_precision": null
    },
    "prior_art_novelty": {
      "recall": 0.6881580324437467,
      "precision": 0.7127257662971949,
      "f1_micro": 0.7002264733846623,
      "f1_macro": 0.0,
      "aucpr": 0.0,
      "brier_score": null,
      "n_human_concerns": 919,
      "n_matched": 559,
      "ci_recall": null,
      "ci_precision": null
    },
    "writing_clarity": {
      "recall": 0.6774975519575963,
      "precision": 0.7936552685456195,
      "f1_micro": 0.7309906816532941,
      "f1_macro": 0.0,
      "aucpr": 0.0,
      "brier_score": null,
      "n_human_concerns": 4386,
      "n_matched": 2208,
      "ci_recall": null,
      "ci_precision": null
    },
    "interpretation": {
      "recall": 0.7913780910813552,
      "precision": 0.7776103882928809,
      "f1_micro": 0.7844338346419046,
      "f1_macro": 0.0,
      "aucpr": 0.0,
      "brier_score": null,
      "n_human_concerns": 1869,
      "n_matched": 1318,
      "ci_recall": null,
      "ci_precision": null
    },
    "reagent_method_specificity": {
      "recall": 0.6493148357278792,
      "precision": 0.7234730848861284,
      "f1_micro": 0.6843909393612203,
      "f1_macro": 0.0,
      "aucpr": 0.0,
      "brier_score": null,
      "n_human_concerns": 866,
      "n_matched": 483,
      "ci_recall": null,
      "ci_precision": null
    },
    "statistical_methodology": {
      "recall": 0.7161100803957947,
      "precision": 0.7148088023088023,
      "f1_micro": 0.7154588496609454,
      "f1_macro": 0.0,
      "aucpr": 0.0,
      "brier_score": null,
      "n_human_concerns": 641,
      "n_matched": 417,
      "ci_recall": null,
      "ci_precision": null
    },
    "missing_experiment": {
      "recall": 0.7929481865908207,
      "precision": 0.7144049739182483,
      "f1_micro": 0.7516302660865776,
      "f1_macro": 0.0,
      "aucpr": 0.0,
      "brier_score": null,
      "n_human_concerns": 1924,
      "n_matched": 1390,
      "ci_recall": null,
      "ci_precision": null
    },
    "other": {
      "recall": 0.5089285714285714,
      "precision": 0.4176587301587302,
      "f1_micro": 0.458798562251453,
      "f1_macro": 0.0,
      "aucpr": 0.0,
      "brier_score": null,
      "n_human_concerns": 39,
      "n_matched": 22,
      "ci_recall": null,
      "ci_precision": null
    }
  },
  "per_stance": {},
  "matching_stats": {
    "n_tool_concerns": 10065,
    "n_human_concerns": 11955,
    "n_matched_pairs": 7344,
    "threshold": 0.65,
    "algorithm": "hungarian"
  },
  "n_articles": 838,
  "n_human_concerns": 11955,
  "n_tool_concerns": 10065,
  "excluded_figure_concerns": 580,
  "dedup_gt": false,
  "notes": ""
}