{
  "tool_name": "Gemini-2.5-Flash-Lite",
  "tool_version": "gemini-2.5-flash-lite",
  "git_hash": "",
  "benchmark_version": "1.0",
  "extraction_manifest_id": "em-v1.0",
  "split": "val",
  "run_date": "2026-03-13T05:56:45.772127Z",
  "recall_overall": 0.3232956921790046,
  "precision_overall": 0.7278719397363466,
  "f1_micro": 0.4477266145380829,
  "recall_major": 0.3840212447122561,
  "f1_macro": 0.0,
  "soft_recall_overall": 0.3544300512840536,
  "soft_precision_overall": 0.3077422149381622,
  "soft_f1": 0.3294402214851978,
  "ci_recall": null,
  "ci_precision": null,
  "bootstrap_n": 0,
  "per_category": {
    "design_flaw": {
      "recall": 0.3913351167888373,
      "precision": 0.3840603991692921,
      "f1_micro": 0.3876636324809447,
      "f1_macro": 0.0,
      "aucpr": 0.0,
      "brier_score": null,
      "n_human_concerns": 1311,
      "n_matched": 501,
      "ci_recall": null,
      "ci_precision": null
    },
    "prior_art_novelty": {
      "recall": 0.3699529042386185,
      "precision": 0.37684307755736324,
      "f1_micro": 0.37336620545088106,
      "f1_macro": 0.0,
      "aucpr": 0.0,
      "brier_score": null,
      "n_human_concerns": 919,
      "n_matched": 320,
      "ci_recall": null,
      "ci_precision": null
    },
    "writing_clarity": {
      "recall": 0.3760084601826926,
      "precision": 0.411255983295457,
      "f1_micro": 0.39284316801267,
      "f1_macro": 0.0,
      "aucpr": 0.0,
      "brier_score": null,
      "n_human_concerns": 4386,
      "n_matched": 1328,
      "ci_recall": null,
      "ci_precision": null
    },
    "interpretation": {
      "recall": 0.38672863980727484,
      "precision": 0.37698389230288337,
      "f1_micro": 0.38179409599767417,
      "f1_macro": 0.0,
      "aucpr": 0.0,
      "brier_score": null,
      "n_human_concerns": 1869,
      "n_matched": 627,
      "ci_recall": null,
      "ci_precision": null
    },
    "reagent_method_specificity": {
      "recall": 0.36535750883576973,
      "precision": 0.3910455486542443,
      "f1_micro": 0.3777653357767335,
      "f1_macro": 0.0,
      "aucpr": 0.0,
      "brier_score": null,
      "n_human_concerns": 866,
      "n_matched": 283,
      "ci_recall": null,
      "ci_precision": null
    },
    "statistical_methodology": {
      "recall": 0.3893668831168831,
      "precision": 0.3708539476396619,
      "f1_micro": 0.37988500141556725,
      "f1_macro": 0.0,
      "aucpr": 0.0,
      "brier_score": null,
      "n_human_concerns": 641,
      "n_matched": 214,
      "ci_recall": null,
      "ci_precision": null
    },
    "missing_experiment": {
      "recall": 0.381921336515298,
      "precision": 0.3475661138271758,
      "f1_micro": 0.36393474530092085,
      "f1_macro": 0.0,
      "aucpr": 0.0,
      "brier_score": null,
      "n_human_concerns": 1924,
      "n_matched": 581,
      "ci_recall": null,
      "ci_precision": null
    },
    "other": {
      "recall": 0.35714285714285715,
      "precision": 0.28075396825396826,
      "f1_micro": 0.3143745834259054,
      "f1_macro": 0.0,
      "aucpr": 0.0,
      "brier_score": null,
      "n_human_concerns": 39,
      "n_matched": 11,
      "ci_recall": null,
      "ci_precision": null
    }
  },
  "per_stance": {},
  "matching_stats": {
    "n_tool_concerns": 5310,
    "n_human_concerns": 11955,
    "n_matched_pairs": 3865,
    "threshold": 0.65,
    "algorithm": "hungarian"
  },
  "n_articles": 838,
  "n_human_concerns": 11955,
  "n_tool_concerns": 5310,
  "excluded_figure_concerns": 580,
  "dedup_gt": false,
  "notes": ""
}