{
  "tool_name": "GPT-4o-mini",
  "tool_version": "gpt-4o-mini",
  "git_hash": "",
  "benchmark_version": "1.0",
  "extraction_manifest_id": "em-v1.0",
  "split": "val",
  "run_date": "2026-03-12T23:39:22.444804Z",
  "recall_overall": 0.6852363028021748,
  "precision_overall": 0.7177150867355879,
  "f1_micro": 0.7010997475287775,
  "recall_major": 0.8358073099360929,
  "f1_macro": 0.0,
  "soft_recall_overall": 0.7695957865495738,
  "soft_precision_overall": 0.6591583573171262,
  "soft_f1": 0.7101088688181296,
  "ci_recall": null,
  "ci_precision": null,
  "bootstrap_n": 0,
  "per_category": {
    "design_flaw": {
      "recall": 0.8238683176069747,
      "precision": 0.8336142028973245,
      "f1_micro": 0.828712607678467,
      "f1_macro": 0.0,
      "aucpr": 0.0,
      "brier_score": null,
      "n_human_concerns": 1311,
      "n_matched": 979,
      "ci_recall": null,
      "ci_precision": null
    },
    "prior_art_novelty": {
      "recall": 0.7747697540554683,
      "precision": 0.7828863932160636,
      "f1_micro": 0.7788069265323507,
      "f1_macro": 0.0,
      "aucpr": 0.0,
      "brier_score": null,
      "n_human_concerns": 919,
      "n_matched": 643,
      "ci_recall": null,
      "ci_precision": null
    },
    "writing_clarity": {
      "recall": 0.7746751990154563,
      "precision": 0.845571294365154,
      "f1_micro": 0.8085721690128136,
      "f1_macro": 0.0,
      "aucpr": 0.0,
      "brier_score": null,
      "n_human_concerns": 4386,
      "n_matched": 2636,
      "ci_recall": null,
      "ci_precision": null
    },
    "interpretation": {
      "recall": 0.8443539110082137,
      "precision": 0.8255498087471381,
      "f1_micro": 0.8348459872283542,
      "f1_macro": 0.0,
      "aucpr": 0.0,
      "brier_score": null,
      "n_human_concerns": 1869,
      "n_matched": 1384,
      "ci_recall": null,
      "ci_precision": null
    },
    "reagent_method_specificity": {
      "recall": 0.7598968463098897,
      "precision": 0.8295864964343226,
      "f1_micro": 0.7932139273549588,
      "f1_macro": 0.0,
      "aucpr": 0.0,
      "brier_score": null,
      "n_human_concerns": 866,
      "n_matched": 569,
      "ci_recall": null,
      "ci_precision": null
    },
    "statistical_methodology": {
      "recall": 0.7879986085343228,
      "precision": 0.7739600677100676,
      "f1_micro": 0.7809162504645408,
      "f1_macro": 0.0,
      "aucpr": 0.0,
      "brier_score": null,
      "n_human_concerns": 641,
      "n_matched": 460,
      "ci_recall": null,
      "ci_precision": null
    },
    "missing_experiment": {
      "recall": 0.8537788343878923,
      "precision": 0.776689448702723,
      "f1_micro": 0.8134117284855295,
      "f1_macro": 0.0,
      "aucpr": 0.0,
      "brier_score": null,
      "n_human_concerns": 1924,
      "n_matched": 1492,
      "ci_recall": null,
      "ci_precision": null
    },
    "other": {
      "recall": 0.6964285714285714,
      "precision": 0.625,
      "f1_micro": 0.6587837837837838,
      "f1_macro": 0.0,
      "aucpr": 0.0,
      "brier_score": null,
      "n_human_concerns": 39,
      "n_matched": 29,
      "ci_recall": null,
      "ci_precision": null
    }
  },
  "per_stance": {},
  "matching_stats": {
    "n_tool_concerns": 11414,
    "n_human_concerns": 11955,
    "n_matched_pairs": 8192,
    "threshold": 0.65,
    "algorithm": "hungarian"
  },
  "n_articles": 838,
  "n_human_concerns": 11955,
  "n_tool_concerns": 11414,
  "excluded_figure_concerns": 580,
  "dedup_gt": false,
  "notes": ""
}